entity,count
Merkel,198
Trump,55
Schulz,55
Merkels,54
Erdogan,21
Maischberger,18
Lindner,17
Murksel,17
Claudia Roth,17
Gabriel,16
Steinmeier,15
Danke,15
Hitler,15
Seehofer,14
Islam,14
Teufel,13
Du,12
Angela Merkel,12
Martin Schulz,11
hartaberfair,11
Heiko Maas,11
Nahles,10
Maas,10
Putin,10
Lieber,9
Stegner,9
Obama,9
Besser,8
Höcke,8
Nee,7
Marx,7
Gauland,7
Mohammed,7
Altmaier,7
Bedford Strohm,7
Gauck,7
Sohn,6
Herzlichen Glückwunsch,6
Franziskus,6
LBR Merkel,6
Yvonne Willicks,6
Volker Beck,6
Özdemir,6
Ach,5
ekdsynode,5
Palmer,5
Kard Marx,5
Donald Trump,5
Hillary,5
Gedeon,5
Böhmermann,5
Anne Will,5
Bin,5
Schäuble,5
Luther,5
Putins,5
Andrea Nahles,5
Jahren,5
Sagt,5
Orban,4
Laßt,4
IM Erika,4
Schwaetzer,4
Moin moin,4
Marcon,4
Rainer,4
Kahane,4
Wolfgang Schäuble,4
Westerwelle,4
LBR,4
Kühnert,4
annewill,4
Roth,4
Gott,4
Honecker,4
Muschpoke,4
Göring,4
Kohl,4
Magaldi,4
Konrad Adenauer,4
Maria,4
Göbbels,3
Chebli,3
Dieter Nuhr,3
Dobrindt,3
Basta,3
Niemals,3
Jesus,3
Martin,3
Illner,3
Klitschko,3
Will,3
Schrifttext Jes,3
Schwesig,3
Scholz,3
Fr Merkel,3
Navid Kermani,3
Schlafmichel,3
Schmonzes,3
Allah,3
Dr Matthias Ring,3
Weidel,3
Ne,3
LBR Trump,3
Ben Salomo,3
Gröning,3
Hadithe,3
Uli Hoeneß,3
Trittin,3
Bruder,3
Helmut Kohl,3
Wagenknecht,3
Sorry,3
Storch,3
visioneurope,3
Yücel,3
Poggenburg,3
z B,3
Dietrich Bonhoeffer,3
Boris Palmer,3
Anette Kahane,3
Soros,3
Göring Eckardt,3
Friedman,3
Groening,3
Willy Brandt,3
Norbert Lammert,3
Netanyahu,3
aksynode,3
Söder,3
Sawsan,3
Martin Luther,3
Adolf,3
Gottes,3
Hi,3
lanz,3
Demirtas,3
Hermann Gemeiner,3
Laschet,3
kotzen,3
Na,3
Deniz Yücel,3
Andreas Hollstein,2
Antifantenbrut,2
Hammer,2
Fikentscher,2
Mich,2
sat,2
Franz Josef Strauß,2
Seehofers,2
nich,2
Mutti,2
Miriam,2
Kim,2
Christen,2
Richard Gutjahr,2
Ramadan,2
Deniz,2
DeMaiziere,2
Gabriel LBR,2
Finger,2
Schäubele,2
Altmaiers,2
Markus Lanz,2
Kurz,2
Horst Seehofer,2
Edathy,2
Stalin,2
Poroschenko,2
Moin moin Piepser,2
Kamerad,2
H Maas,2
Hartz,2
Posener,2
Nostradamus,2
Katja,2
Kubicki,2
Ring,2
Uli,2
Juncker,2
Mach,2
Hoffentlich,2
Lauterbach,2
Holger Apfel,2
Goethe,2
Vergiss,2
Caffier,2
David,2
Joschka,2
Fatima Roth,2
LBR Dietrich Bonhoeffer,2
Renate Künast,2
Claudi Roth,2
Abdel Samad,2
Tauss,2
Kohn Bendit,2
tvduell,2
Medienpack,2
al Tayyeb,2
Ralf,2
Wolfgang Herles,2
Platzeck,2
Karl Marx,2
Sager,2
Sahra,2
Martin Sichert,2
Mr,2
Bilderberger,2
Rothschild,2
Adolf Hitler,2
Goebbels,2
Odilo Lechner,2
Japp,2
Heribert Prantl,2
mann,2
Dr Merkel,2
Mohamed,2
Dir,2
noAfD FCKAfD,2
Meck Pomm Schlampe,2
Geht,2
LBR Gelobet,2
BuReg,2
Flintenuschis,2
Frau Merkel,2
Moslem,2
Wow,2
Dunja,2
Gerhard Schröder,2
Petrus,2
Schröder,2
Nationaldemokrat,2
Dr Axel Stoll,2
Haverbeck,2
Atatürk,2
Spahn,2
Dominique Oster,2
Axel Stoll,2
Flintenuschi,2
freedeniz,2
Hermann Gmeiner,2
Knall,2
Petry,2
Och,2
Friedmann,1
Willst Du,1
Hast du Olaf auf Stumm,1
Irmgard Schwaezer,1
Noelle Neumann,1
Hauptressource,1
Böckenförde,1
Christ,1
Bartholomäus,1
Nahles Knüppel,1
Carlo Caretti,1
Theodor Fontane,1
Selber,1
Schmidt,1
Mr Obama,1
Herzlichen Glückwunsch Herr Reil,1
gegafft,1
Ah,1
Och Herr Kleber,1
Andrea Bahr,1
Pussikratie,1
Näch,1
Twitter d Vorsitzenden d AfD,1
Leon Kahane,1
Praktischeres,1
Kurt Lewin,1
Himmler,1
Unbedeutendheit,1
Man,1
Reicht Merkel,1
Drittesgeschlecht,1
christl,1
Dr Rainer Koch,1
Anna,1
M Güllner,1
tarek leitner,1
teamliebe,1
Christus,1
Rechtskonservativ,1
Präses Schwaetzer,1
Pfaffe Gauck,1
Bernie wärs,1
Deutschs,1
Blablabla,1
rückstandlos illner,1
Kundtun,1
Ströbele,1
Kurt Beck,1
Augustinus,1
Alexander Gauland,1
Sawsan Chebli,1
Diätensteigerung,1
Pofalla,1
Bundestagsvizepraesident,1
Olle Merkel,1
Ole von Beust,1
Frenchies,1
NrW Minister,1
LBR Maas,1
Ahmet Demir,1
Helmut schmidt,1
Bismarck,1
Danke schlagerchampions,1
Al Bano,1
Hollstein,1
oevp hartaberfair,1
Frau Neumann,1
Hi caro danke,1
Straeter,1
Naira,1
Strunz,1
Friedrich,1
Lucke,1
Claudia Kleinert,1
twaudes,1
Ignatius von Loyola,1
LBR Thomas Merton,1
Jeff Schön,1
Salafistisch,1
Barley,1
Hanne Hümmer,1
Troste,1
Jerry Brown,1
Pferdegebiss,1
Degal,1
Mikl Leitner,1
Schröders,1
Bütikofer,1
Kulleraugenaufschlag,1
Meine Kleine,1
Identitär,1
gehn,1
Weihnachtsmassaker,1
Biermann,1
Andr Poggenburg,1
Horst liebe Angela LBR,1
nurmalso GroKo,1
Maria Magdalena,1
LBR Dieglauben,1
Hi Marcel danke,1
Lachnimmer Anarchos,1
Alexander Schmorells,1
Fotografieret,1
Tusk,1
Heino Maas,1
Gaulands,1
Min Aung Hlaing,1
Schmierfinken,1
Ernährungsbedarf,1
Arzt,1
Quasir,1
Helmut,1
Lieber Michael herzlichen Glückwunsch,1
Spengstoffspeziallisten,1
Laktoseintolleranz,1
Buß,1
LBR x,1
Kleiner Nachhilfetipp,1
Hoheits,1
Dr Schuster,1
Abaja Talibanisierung,1
Niquabs,1
Joachim Meisner,1
LBR lanz Gysi,1
auseinandergehämmert,1
Ludwigslust Parchim,1
Bonhoeffer,1
Bill Kaulitz,1
Lott LBR,1
Änis Lott,1
Lott Musgatnus,1
Lott Pfeffer Lott Zimet,1
guette Stundt,1
Lydia Ruisch,1
Aydan Özoguz,1
Migationshintergrund,1
LBR Schuster,1
Diözesanjugendpfarrer,1
Katastrophales Leyen,1
C Herr Jauch,1
Stoppt,1
Plasberg,1
Diätenerhöhungen,1
Liebli ngsfrau,1
Suuuuper,1
Merkel Kasner,1
Pfeifersollte,1
Gute,1
Wolfgang Gedeon,1
Wendel Haus,1
Steffen dein Post,1
Lugner,1
weggenazit,1
Ragdahd,1
Reker,1
Schleyer,1
Bahnhofsklatscher,1
Schnüffel,1
Dr R Motsch,1
Daig,1
Bin Stolz,1
Alessandro Meluzzi,1
Spasst,1
Alex Shatilov,1
Mehrbett Mädelszimmer,1
wendländisch,1
Verflucht,1
brainwashed,1
Massenmörder LasVegasShooter,1
LBR Dschungelcampbewohner,1
Seltsam Malu Dreyer,1
Pfr O,1
LBR Frau Merkel,1
Och antifeministisch,1
Dr Friedhelm Hengsbach,1
Lesetipp,1
Visa,1
Röttgen,1
Mutti Merkel,1
Peters,1
Dobrinth,1
Tschüss,1
Höflichkeitsbesuch,1
Asifi,1
Kch,1
Gegens Zul,1
Jesus Christus,1
Altkatholisch,1
Wilhelm der II,1
Björn Höcke,1
Oleh Senzov,1
Gernot,1
Feht,1
comeoneffzeh,1
chemtrail özdemir,1
Golffahrer,1
MrTrump,1
Bettina Kudla,1
fehlts,1
Vilar,1
Naaa,1
Demirkan,1
Hmh,1
Gysi,1
Böttinger,1
jcm,1
Billigproduktion,1
Hofer,1
Rechtsradikal,1
schwul,1
Tucke,1
Gegenterror,1
Carsten Schneider,1
Melenchon Frankreichwahl,1
Jean Luc,1
Tauber,1
Meine Lieblingskoalition,1
Karl Friedrich von Weizäcker,1
aksynode aksynode,1
Polaken lümmel,1
Dr Goebbels,1
faves,1
Shira Tzur,1
Shir Hajaj Erez Orbach,1
Yael Yekutiel,1
Sündiges,1
Frei,1
raffst,1
Zicke,1
Beschämender,1
Hi Emine,1
Taxigeld,1
Fuad Afane,1
Katrin Dagmar Göring,1
Kipping,1
OSB Schreinermeister,1
Ildefons Flötzinger,1
Min,1
Gleichstellungs,1
Kinderpornos,1
Haase,1
Ali Me,1
Linke,1
LBR Palästiner,1
Anetta Kahane,1
Shadow banning Twitter,1
Bigamie,1
Victor Orban,1
Schuler,1
Uwe Becker,1
Leo Franken,1
Jörn Stoffers,1
Ersatzkandidatinnen amp Ersatzkandidaten,1
Prost Heike Wat,1
Imad Karim,1
Maria Freiburg,1
withheld,1
Jehova,1
Denyz,1
Sephirot,1
Kabalah,1
Alexandra Caspari,1
Vollkommn,1
Gregor der Große,1
Hieronymus Augustinus,1
Schafft,1
Sebastian Kurz,1
Lüders,1
Marietta Slomka,1
Altmeier,1
Werter Herr Schauderzwerg,1
Theresa,1
Hotzenplötz bitteschön,1
msn,1
Meister Eckhart,1
Pedro Arrupe,1
Hartz IV,1
Pestflöhe,1
H O,1
Sag,1
Soros Soros Erspar,1
Nicola Galliner,1
Bist Du,1
Beller,1
Lucian Hölscher,1
Staatsanwält,1
Esther Vilar,1
Kinderfickerpartei,1
csucdu,1
Abdullah,1
Diaa Mohammed,1
Ali S,1
Nicola Beer,1
Dag Hammarskjöld,1
Scanner,1
Axel Hochrein,1
Dämon Merkel,1
Viktor Orb,1
Frere Roger,1
Macron,1
Muselwahn,1
Asylantenpack,1
Elektrojude,1
Nelly Sachs,1
Reuter,1
LBR Stimmt Will,1
Gonosom,1
Wieso Nur weil Du,1
Vereinsstatus,1
Volksverrat der Merkel,1
Schlepperwesen,1
Woelki,1
Elija,1
LBR Bernd,1
Frau Nahles,1
Herr von Notz,1
Kebekus,1
Prachtarier,1
Jung,1
Bauernkind,1
Jämmerliche,1
Gauck Merkel,1
Pornos,1
Jo der,1
Herrebmensch,1
Ewig Treu,1
Rupert Mayer,1
Scheiss Merkel,1
Binninger,1
Silvester,1
Aufgeklärtes,1
Moustafa,1
Schubert,1
Systemlinge,1
Linksgrün,1
Neger,1
Pachelbel,1
Zäune,1
Johannes Soreth,1
Herrn Erdogan,1
Kommissar Oettinger,1
Exup,1
Nur Saisongarbeiter,1
Kaeser,1
Joe Kaeser,1
smail Ya ar,1
s Backenfutter,1
Wer Schulz,1
Könnes,1
Ach Gott,1
Grabe,1
Voltaire,1
Kriminalwissenschaftler Pfeiffer,1
Lieber Herr Leubecher,1
Denis Cuspert Deso Dogg,1
super,1
Jo warum,1
Miezekatzen,1
Unzuverlässiger,1
Linksfaschist Böhmermann,1
Hasselloff,1
Wertüberzeugungen,1
Meine Parteinähe,1
Du Manns,1
LBR Edith Stein,1
simone peters,1
Islamistin Chebli,1
bist Franz von Sales,1
Jean Luc M lenchon,1
Weils,1
Tolle,1
Kinderficken,1
Erdogan amp,1
Jammert,1
Maaluf,1
Holocaustmahnmal,1
inshallah,1
Obamas,1
Merkel Klitschko,1
pegida LBR,1
Jurastud,1
Soso,1
Hl Teresa,1
Schnubb,1
Brotstattboeller,1
aufem kindergartenspielplatz,1
Doppelmoraler,1
Bla bla bla Lügenpresse,1
Mielke,1
Hubertus,1
Ewig,1
Gabriel Redet,1
Herr Klingbeil,1
Pädos,1
Kosmos,1
Twitter Den,1
Klaus Hemmerle,1
Stephan Bauer,1
LBR Bad Luck,1
Paß,1
Niki Lauda,1
Hass,1
LBR Verni,1
LBR John Henry Newmann,1
Feminazis,1
LBR Jo,1
Volksvoräda Merkel,1
Georg Herbstritt,1
Dick,1
Oh jeeeee,1
Franz von Assisi,1
LBR Natur,1
Großmaul Özdemir,1
Böhmermanns,1
Nikolaus Schneider,1
uns D h,1
Rahner,1
Bin schwul,1
Linksgrüne,1
Trauerfällen,1
LBR Moustafa,1
Lustig,1
Johannes vom Kreuz,1
War Claudia Roth,1
Benedikts,1
Hey,1
irre,1
Korrekt Marianne Birthler,1
Fahnenflüchtlinge,1
Engel,1
Marin Le Pen,1
Simone Peter,1
Meinungs,1
Vt,1
Mahatma Gandhi,1
Maizi re,1
Philipp Neri,1
Müntefering,1
Ick,1
Laudato si,1
Martin LBR,1
Gedenkaccount,1
Clemens Binninger,1
ditisberlin,1
Christian Schmidt,1
Martin Schulz Angela Merkel,1
Lieber Herr Kelber,1
Oma Müller,1
Renzi,1
Philipp,1
Verpisst,1
allemn,1
uropas,1
Rainer Maria Kardinal Woelki,1
Wilders,1
doof,1
Zitelmann,1
LBR Muschi,1
LBR Oder,1
Pronos,1
Seid Wehrwölfe,1
reg Stories,1
moma,1
Kartell,1
Kinni,1
Du Döddel Bernd gewinnst,1
Kämpft,1
Klär,1
Sozilal,1
LBR Bin Armutsrentner,1
Reich,1
agh noafd,1
Stimmt Lies,1
AfDwürgt noafd,1
Moslempartei,1
Titten Gewöhn,1
Isis,1
Kompromiss,1
Hendricks,1
Von Schwesig,1
Generalstreick,1
Voßkuhle,1
fxn,1
konzert de,1
Merker,1
Görings,1
JedeLiebe,1
Ai Weiwei,1
dat nich denn,1
inre Merkeltruppe,1
Herrjeh,1
Laterpay,1
Susanne Breit Keßler,1
Betonpoller,1
Kauder,1
LBR Axel Stoll,1
Strohm,1
Arthur Schoppenhauer,1
liebe,1
Sonstwas,1
Jo jo jo Klaun,1
Regierungswechseln,1
Hannelore Kraft,1
prust Schwarz,1
Claudia,1
Du Afgahnischer Hyänen,1
spendenservice fluechtlingshilfe,1
Sandra Kreisler,1
Abgefuckte Hühnerscheisse,1
Dalek,1
Thilo,1
Irmgard Schwaetzer,1
ekdsynode Abschlusspressekonferenz,1
Hetzmedien,1
Löwenmörder,1
Bätschi Bätschi,1
Geh,1
Sondiert,1
Pimpf,1
Rawls,1
nimmer,1
Schlecht,1
Jammergestallt Petra Roth,1
Neujahrspredigt,1
z Z,1
Künast Roth Tritin,1
Kriegerisch,1
Meine Güte,1
Oliver Hildenbrand,1
Alex,1
Sascha Spoun,1
verschwult,1
Ursula Haverbeck,1
Aller verschwult,1
Hr Scheuer,1
Pfui Teufel,1
deMaizi re,1
Offensichtl,1
Islamdreck,1
LBR Albert Schweitzer,1
Teresa von Avila,1
Gerd Müller,1
Oh Mann,1
Kandelistueberall,1
Hermann Behrendt,1
TheodorsBoulgarides,1
Theodoros Boulgarides,1
Dir Johannes,1
Detlef Pollack,1
Haseloff,1
LBR Bin Natur,1
LBR Söder,1
Weihnachtsstress Geburtstag,1
Dikrisminierung,1
Erdogans,1
Jens Meier,1
Schäubles,1
Menno Ich,1
Hetzer,1
Meck Pomm,1
LBR Schläger,1
Spahn Lindner,1
BReg,1
Mohamed Und,1
Lies,1
NoAfD AfDwürgt,1
heut,1
Erdogan amp Türkei,1
Christus Jesus,1
Bernd Althusmann,1
Ernesto Cardenal,1
Schmeisst,1
Henri Nouwen,1
Stasi De Maziere,1
lanz hats,1
Romano Guardini,1
Schiss,1
Stephan,1
LBR Befürchte,1
Prüffrage,1
Tiermörder,1
Freihandel,1
Christi,1
Moritz Tschermak,1
Tsp Rainer Woratschka,1
Voksverhetzung Antisemitismus,1
George Soros,1
Nenn,1
Roth Haye Friedman,1
Maria Candida,1
smiley,1
Fr Roth,1
Romeo Franz,1
Herr Strunz,1
Herrn Voigts,1
Oha Originell,1
Grotesk,1
Fistbump,1
Storman,1
Begrüssungsgeld,1
Viktor Orban,1
Henny Engels,1
mfg,1
Nat Aktionsplan,1
csu spd,1
Kuffar,1
Stammesälteste,1
Dannschmeißt,1
GroKo,1
Holger,1
Thomalla Merkel,1
Endloser,1
Bernd,1
frag,1
Greuel,1
Högl,1
Träum,1
Grundlose,1
Sex Adi,1
Gerard Menuhin,1
Gutenberg,1
Strich,1
Denken Merkel,1
Mitgliederehrungen,1
Joshua,1
Monika,1
Emotionsgeschwafel,1
Einknicken,1
Refomiert,1
Hohlmantell,1
Spießrutenl,1
Barnett,1
Darf,1
judenfeindlicher,1
Herzlich Robin,1
Waren Tatortfotos,1
Mathias Döpfner,1
Nöööööö,1
csupt Parteitagsauftakt,1
Lischka,1
LBR Schulz,1
Heiko Maas Trollaccount,1
Achja,1
Will Maischberger,1
Brüder,1
müde,1
Alter Mann,1
Leyla Zana,1
Erdogan s,1
Strache,1
Pfeiffer,1
Ök Gottesd,1
Rommel,1
Dieter,1
Muttertag,1
Behzad Fallahzadeh,1
Wutzekopp,1
Gesicht,1
Eckart Merkel,1
Fatimas,1
Mouhanad,1
ach ja,1
leergefressen,1
mans,1
Nawalnij,1
holly shit,1
Herr Kubiki,1
Georg Restle,1
Sozialniveau,1
JamaikaSondierung Steinmeier,1
Kathrin Göring,1
Alg Mar amp Tun,1
Äppel,1
Mila Valentin,1
Till Schweiger,1
Anne Franks,1
Witzbold Merkel,1
Tja Herr Hollstein,1
eingefressen,1
Burkas,1
Anne Frank Tagebuch,1
Matthias,1
Gauland Gedeon Höcke,1
Meuthen,1
Sauer,1
Heiko,1
LBR Maischberger,1
hats,1
Kinderfickerei,1
Lustig Deus Vult,1
Menuhin,1
Syr,1
Merkel Roth,1
Vati,1
Strop,1
Nein Ursula,1
Mohammed Karrikaturen,1
Heiner Geißler,1
ja Stegner,1
Gabriel Panzer,1
Maggi,1
Walter Scheel,1
Renate Gift,1
Schwachköpfe,1
roll,1
Bin mir,1
Qoutenweiber,1
Diederich Heßling,1
Orwell,1
Schichtantritt,1
C Roth,1
Margarete,1
Renate,1
Kuppelei,1
du Suffschädel,1
Plattheiten,1
Frisch,1
Antiterror,1
subsidaer Geschützen,1
Schöne,1
Denis wünscheSaraziendenTod Yücsel,1
LBR Gauweiler,1
Göring Chebli,1
Bonne,1
Flüchtlingsinis,1
Muhammad,1
lach genieß,1
Hirn Schulz,1
Imp,1
Mc Donalds,1
Tsunamigefahr,1
Yep,1
Gauweiler,1
Banalisieren,1
Yoh Vorauseilender,1
Drachenlord,1
Achmett,1
Bernd LBR Abdul,1
Anders,1
Amris,1
Martin Schulz Jagt,1
Tawila,1
Pol,1
Huuuuuuuuuu,1
richtungs amp stimmungs,1
Normal,1
sifftwitter,1
csd kommtmituns,1
Scheiss,1
Vorsicht,1
Matschbirne Schulz,1
Hans Dietrich Genscher,1
Fäk nee Scheißsprache,1
Friedich Delius,1
Margot Kässmann,1
Gedeon Gauland amp Höcke,1
Sch,1
dein Lindner,1
Hasskick,1
Heike spurt Natalia,1
Ralle du alter Mülleimer,1
Trump labert,1
Tramp,1
Haustürbesuchen,1
Stastssender,1
Menschendiebstahl,1
Kommies,1
Finanzadel,1
linksversifftgute wegzublocken,1
Denunziantenniveau,1
Stunden,1
Tauwetter,1
Mielkes,1
Sel Märtyrer von,1
Fatih Akin,1
Wehner,1
Schumacher Brandt,1
Margareta,1
Mila Mishaev,1
Ido Ben Ari Ilana Naveh,1
Dr Michael Feige,1
Lieber Ralf,1
Sarrazin,1
Moin Hat,1
Sigi ich geb dir recht,1
Luschet,1
shoppen Hemd,1
Orban Trump,1
betrügt,1
Conchita,1
Udo Jürgens,1
Murksels,1
Frisur Mohammed,1
Berlusconi,1
M Albrecht,1
Britten,1
Germonney,1
nundig,1
Reul,1
funktionäre bin,1
Sigmar,1
Liebe Sawsan,1
Abschiebungenn,1
Norbert der Grüne,1
Wehret,1
Koalitions,1
Nadsi,1
Merkel Juncker,1
Ditfurth,1
Bosbach,1
Fresse Kacke,1
genervt,1
Iraels,1
Josef Schuster,1
Andreas kannst Du,1
Burkhardt,1
Obernadsi,1
Kahane de Maizire Wagenknecht Trittin,1
Edel,1
Günter Grass,1
McCain,1
Apfel,1
Voigt,1
Kahrs,1
LBR Haseloff,1
Blüm,1
Malu Dreyer Schulz,1
LBR Schmidt,1
twitter,1
Xi Xinping,1
Du befielst,1
Bax,1
Bernd Hanisch,1
afd Pegida,1
Al Bakr,1
Kapitales,1
Genderquatsch,1
Steinmeiers,1
Michael Ebmeyer,1
Heinrich H,1
Kickl,1
Moin Piepser,1
Schwach,1
Alberto Rivera,1
Kanackenstaat,1
Feiglingen,1
Detlev Wischmeyer,1
Eckhard Maas,1
Erich Kästner,1
Clinton,1
Wenn Trump,1
Lieber Markus Soeder,1
Verlogene Doppelmoralistenheuchler LBR,1
Juan Carlos,1
Euer Fakenfinder,1
Kümmert,1
Hochkriminell AntiDEUTSCH Korrupt,1
Herr Hollstein,1
Ekelhafte,1
Daldrup,1
bepissen,1
Mensch Kauder,1
Baader,1
PS Bilderberger,1
Zoff,1
Aya,1
Achmett Abdul,1
Breitbart,1
Denis Yücel,1
Katja Kipping,1
Dauerbeleidigte Leberwürste,1
Augstein amp Blome,1
Fettsack Gabriel von Pack,1
Fettbacke,1
Täterherkunft,1
Wuttränen,1
Frank Walter Steinmeier,1
Link,1
Andre,1
Marx Engels,1
Jebsen,1
Galinski,1
Evelyn Hecht,1
Ken Jebsen,1
üb Gabriel,1
Halbneger,1
Knüppel,1
Ezropäer,1
Gerstle,1
Herr Stegner,1
Huhhhhh Fritz Du jagst mir,1
Michael Genner Sparkassaplatz,1
Opa,1
Drigen,1
Kroos,1
Kotz,1
amri,1
etwas parteitag,1
Schulz Gabriel amp Steinmeier,1
Nadine Schön rethorisch,1
Yücel von mir,1
Ach ja Böhmermann,1
Pressehandy,1
Havermann,1
Abdullah S,1
Kurdischer,1
Younower,1
Lieber Herr Neumann,1
Beitz von Kinderpornos,1
Gaucks,1
Siegmar Gabriel,1
Boris Becker,1
Dunkeldeutsche,1
Dir Bosbach,1
Schmierfinke,1
Finaler,1
Kim Jong Un,1
Otto Normalverbraucher,1
Angie,1
Oppermann Stegner,1
Bzgl Doppelmoral,1
Kohls,1
Mühlen,1
ner Klapperschlange,1
Martin Reichardt,1
Oh Merkels,1
Tauft,1
Erdowahn,1
LBR Martin Schulz,1
Lawrow,1
Jo Mann,1
Wallraff,1
Nee Vanja,1
Verdroschen,1
Kirchenbeamter Dröge De,1
Gioele Magaldi,1
Dr Alessandro Meluzzi,1
Gebliebener,1
Merkel x Merkel,1
folgedessen,1
Ähm,1
Reschke,1
jfda de,1
Gabriele Krone,1
Land,1
jenand,1
Kulturfeindlich,1
Gerhard Loos Offenbach,1
Margit Müller,1
Klaus Prothmann,1
Datt,1
Mia,1
Honeckers,1
Mutbürger,1
Urban,1
mano,1
Chapeau,1
Liebe JuFos,1
Böhnhardt,1
Mundlos,1
Spako,1
Nadeschda,1
Filmtip,1
Toleranz Fanatiker,1
Dr Abdel Hakim Ourghi,1
Deniz Yücel hinterherheult,1
S Tuerker,1
Herr Gauck,1
D Rockefeller,1
Nehme,1
Lt Herrn,1
Ines,1
Schlüßelpos,1
AlJazeera,1
Herr Lafer,1
Kerber,1
Bush,1
Fritz Deutschland,1
Bleibebonus,1
Diözesanjugendpfr,1
AfDwirkt,1
Martin Luther King,1
nööö,1
Satan,1
Kinderfeind,1
Annette Groth,1
Konkret,1
Silvester amp,1
Höflichst,1
Sprechverbot,1
Tillich,1
FCKAfD,1
Gersemann,1
Scheisse,1
Maas Stegner,1
Gabriel Schulz,1
Unterwerfungsverträge,1
Gerd Helmut Komossa,1
Egon Bahr,1
Oje Lindner,1
Boehmermann,1
Dreckslöcher,1
Neumann,1
Ahmadinedschad,1
unspiritueller,1
Schulz der Merkel,1
Lese,1
Mareike,1
Abbas et al,1
Amphibisch,1
Wolfgang Kubicki,1
Karam Mashour,1
Volker Kauder,1
MV Caffier,1
Felix Rexhausen Preises,1
Germanenherz,1
Feuerleger,1
Schäbige,1
chill,1
Dr Petry,1
Ne ni Gottseidank,1
Claus Bredenbrock,1
Webitipps,1
Kindern,1
Anja Reschke,1
Nöööööööööö,1
Arrogant Nöööö,1
Karl,1
Yücsel,1
Bin froh,1
Fritz der Putin,1
Pope dem Hungrigen,1
Michael Genners,1
Gad von Merkel,1
sabbert,1
SCHIEßEN,1
Linda W LBR,1
Künast,1
Schmunzeln,1
Fritz bist Du okay,1
Maiziere,1
Todenhöfer,1
Merkel Gauck,1
Infotweet Rainer Winkler,1
Merkel Seehofer,1
Bohlen,1
LBR Paul Newman,1
Hakan Ta,1
interpunktion,1
Trumps,1
Rechtsradikales Attentat,1
Rot Rot,1
Peter Tauber,1
LBR Isral,1
Donald J Trump,1
Handy,1
Sigmar Gabriel,1
Hathor,1
Gesine Schwan,1
Stasi Merkel,1
Beitenu,1
Islamphobie,1
Rüstungsfirma,1
Alice Schwarzer,1
verkommem,1
Beatrix hau,1
Helene Fischer,1
Stolberg,1
Pio,1
Oskar,1
Oskars,1
lachkick,1
Kemal Atatürk,1
Ehm,1
Lieblingstag,1
Bertolt Brecht,1
Wolfgang Gehrke,1
Jaaaaaaaaaa hmmmmmmmmmmm,1
Blanko,1
Ehrlich,1
Zwitter,1
Ludwig am Hauptbahnhof,1
Datenklau,1
Wahlschafshirne,1
Starke,1
Seibert,1
Gabriel Maas,1
Drogenverkäufer,1
Unionsverträge,1
Endlich Trump,1
Honecker Merkel,1
Wieso Salz,1
Noske,1
Hans Jürgen Rose,1
Mario Bichtemann,1
Tillschneider,1
Tvduell Groß,1
Ad multos annos,1
MdB,1
Traumatisierter,1
Yapp,1
Nein,1
Meck Pomm Angie,1
d vorhand Politikermüll,1
Komossa,1
Ernst,1
uns Buntlandbürger,1
Stimmt Palestinanser,1
Intergrierte,1
tendenziösem Spin,1
Hi Marcel,1
Dreck,1
Abgeschafft,1
hast du maas,1
Cholera Schulz,1
von Merkel,1
Götter,1
tgd de,1
Eggers,1
Gabriel Instinktlosigkeit,1
Fräulein Chebli,1
Simon Dach,1
Schäme,1
Jallohs de,1
Däbritz Bachmann,1
Peter von der Grünen Sekte,1
Harald Martenstein,1
Walter Kohl,1
Israelisch,1
Meister da a Fremder,1
Zick,1
Netanjahu,1
Hasser,1
Özoguz,1
Einstein,1
Aya IbnHotdog,1
Denis Kuspert,1
Stan Laurel amp Oliver Hardy,1
Rainer Winkler,1
Ursula von der Leyen,1
Tip SCHULDEN,1
Salvatore siehst Du,1
Moin moin seid,1
Altmeyer Sigmar Gabriel,1
Lothar de Misere,1
Anette Kahane Angela Merkel,1
Leberzirrhosen,1
Lieber Georg,1
Wonn,1
Freud,1
liebe CL,1
Broder,1
Propagandaschrott,1
Hinterlistig,1
Auweh Subsidiär,1
Hilfsjobber,1
Frau Maischberger,1
Scheisser,1
Stimmt Assad,1
dritteoption,1
Donald,1
Hr Schulz,1
Damenbarthaare,1
Edeka Rossman,1
youtube Kanal,1
Michel Friedman,1
Philipp Ther,1
Marco du warst,1
Verteidigungsmin Ursula v d Leyen,1
Ntv,1
Frank Capellan,1
Beck,1
Noah,1
EurActiv,1
Harpyie Murksel,1
whataboutism,1
Wehrmachts,1
Kandidieren,1
Retweeten,1
Schaukel,1
Kirchhoff,1
Linke Mullen,1
Bundesparteimit,1
Konfuzius,1
Kasner,1
Hagel,1
Agrippa,1
Bart,1
Deibel,1
Kanacken,1
Dobrindt Du,1
Lügenbande,1
Silva K Georgi Dr N Giebeler Pfr N Schönherr,1
Harry Potter,1
jähriger Zeitungshersteller,1
Laber Seehofer,1
aksynode altkatholisch,1
Shimon Peres,1
Hast Du,1
Nix,1
Nur Trümmerfrau,1
Verzieh,1
manmanman,1
Busch Afrikaner,1
spdbt Schulz,1
Twitter Gott,1
Dauermelder,1
Schmutzl,1
Verfassungswiedrig,1
Teufel Merkel,1
Cond Rice,1
Oberdummzicke,1
Andra moi ennepe Mousa,1
Gernot Erlers,1
Trümmerfrau Hiess,1
Reiner Knudsen,1
Einfach,1
Würseler,1
Maddin,1
Bsp Altmaiers,1
Merkels Ar,1
RAin N Bislimi,1
Normaldenkenden,1
Penner,1
Arschlöcherwie Jörges,1
Penny,1
frech heut,1
Elfriede,1
RotGrünenMuselmist,1
Jäger,1
Milva,1
Hitlers,1
Detlef Tabbert,1
Dohnany,1
Wolfgang Thierse,1
Yup,1
LEIDEN,1
Konstantin von Notz Bundniss,1
Hirnriss,1
Scheiß Merkel,1
Kevin Keegan,1
Rivlin,1
Uffff Gottseidank,1
Nafri Antänzer,1
Schießt,1
Sep Oksadok,1
jetzterstrecht mein Land,1
Dr Carlo Schmidt,1
Helmholtz,1
Gute Schöne,1
uvor Hillary,1
Krieger,1
Nur Tusk,1
Merkel gg,1
Polizeibekannter,1
Wahlschafe,1
Reagan,1
Br Eugen Michael Ostermeier,1
Entartet,1
Merkel Schulz,1
schnellinfo de,1
maaslos,1
Wolfgang Meier,1
bitteschön,1
Landbauer,1
Genscher,1
Uschi u,1
Leitplanken,1
sorry ich,1
Kishon,1
Rohollah,1
Karl hör,1
Jesses,1
Motivationslieder,1
Umd,1
ach so na klar,1
altehrwürdig,1
stefan,1
Frau Kahane,1
