Dataset,Model,Strategy,Fold,Accuracy,Precision_macro,Recall_macro,F1_macro,Weighted_F1,Class0_Precision,Class0_Recall,Class0_F1,Class0_Support,Class1_Precision,Class1_Recall,Class1_F1,Class1_Support,Classification_Report
GERMEVAL,GBERT,DYNAMIC_MIXED,1,0.8192627824019025,0.7998358990388372,0.7910713834171997,0.7950622034115685,0.817922957959531,0.8534031413612565,0.8779174147217235,0.8654867256637168,1114.0,0.746268656716418,0.704225352112676,0.7246376811594203,568.0,"{""0"": {""precision"": 0.8534031413612565, ""recall"": 0.8779174147217235, ""f1-score"": 0.8654867256637168, ""support"": 1114.0}, ""1"": {""precision"": 0.746268656716418, ""recall"": 0.704225352112676, ""f1-score"": 0.7246376811594203, ""support"": 568.0}, ""accuracy"": 0.8192627824019025, ""macro avg"": {""precision"": 0.7998358990388372, ""recall"": 0.7910713834171997, ""f1-score"": 0.7950622034115685, ""support"": 1682.0}, ""weighted avg"": {""precision"": 0.8172245520162694, ""recall"": 0.8192627824019025, ""f1-score"": 0.817922957959531, ""support"": 1682.0}}"
GERMEVAL,GBERT,DYNAMIC_MIXED,2,0.8234244946492271,0.8065748205089809,0.7911930740637723,0.7977778614375528,0.8211552599910988,0.8500428449014568,0.8904847396768402,0.8697939500219202,1114.0,0.7631067961165049,0.6919014084507042,0.7257617728531855,568.0,"{""0"": {""precision"": 0.8500428449014568, ""recall"": 0.8904847396768402, ""f1-score"": 0.8697939500219202, ""support"": 1114.0}, ""1"": {""precision"": 0.7631067961165049, ""recall"": 0.6919014084507042, ""f1-score"": 0.7257617728531855, ""support"": 568.0}, ""accuracy"": 0.8234244946492271, ""macro avg"": {""precision"": 0.8065748205089809, ""recall"": 0.7911930740637723, ""f1-score"": 0.7977778614375528, ""support"": 1682.0}, ""weighted avg"": {""precision"": 0.8206851304485123, ""recall"": 0.8234244946492271, ""f1-score"": 0.8211552599910988, ""support"": 1682.0}}"
GERMEVAL,GBERT,DYNAMIC_MIXED,3,0.8340273646638905,0.8216125093369806,0.7985673756170465,0.8078944490388763,0.8309504245983648,0.8517270429654591,0.90754039497307,0.878748370273794,1114.0,0.791497975708502,0.689594356261023,0.7370405278039586,567.0,"{""0"": {""precision"": 0.8517270429654591, ""recall"": 0.90754039497307, ""f1-score"": 0.878748370273794, ""support"": 1114.0}, ""1"": {""precision"": 0.791497975708502, ""recall"": 0.689594356261023, ""f1-score"": 0.7370405278039586, ""support"": 567.0}, ""accuracy"": 0.8340273646638905, ""macro avg"": {""precision"": 0.8216125093369806, ""recall"": 0.7985673756170465, ""f1-score"": 0.8078944490388763, ""support"": 1681.0}, ""weighted avg"": {""precision"": 0.8314118251577883, ""recall"": 0.8340273646638905, ""f1-score"": 0.8309504245983648, ""support"": 1681.0}}"
GERMEVAL,GBERT,DYNAMIC_MIXED,4,0.8203450327186199,0.8057825860199559,0.7821821992976989,0.7915262227653814,0.8167484452364558,0.8406040268456376,0.8994614003590664,0.8690372940156115,1114.0,0.7709611451942741,0.6649029982363316,0.7140151515151515,567.0,"{""0"": {""precision"": 0.8406040268456376, ""recall"": 0.8994614003590664, ""f1-score"": 0.8690372940156115, ""support"": 1114.0}, ""1"": {""precision"": 0.7709611451942741, ""recall"": 0.6649029982363316, ""f1-score"": 0.7140151515151515, ""support"": 567.0}, ""accuracy"": 0.8203450327186199, ""macro avg"": {""precision"": 0.8057825860199559, ""recall"": 0.7821821992976989, ""f1-score"": 0.7915262227653814, ""support"": 1681.0}, ""weighted avg"": {""precision"": 0.8171135367228993, ""recall"": 0.8203450327186199, ""f1-score"": 0.8167484452364558, ""support"": 1681.0}}"
GERMEVAL,GBERT,DYNAMIC_MIXED,5,0.8262938726948245,0.8149665932797017,0.7864933310555154,0.797380926434117,0.8221959747996062,0.8412302576891105,0.9092542677448338,0.8739205526770294,1113.0,0.7887029288702929,0.6637323943661971,0.7208413001912046,568.0,"{""0"": {""precision"": 0.8412302576891105, ""recall"": 0.9092542677448338, ""f1-score"": 0.8739205526770294, ""support"": 1113.0}, ""1"": {""precision"": 0.7887029288702929, ""recall"": 0.6637323943661971, ""f1-score"": 0.7208413001912046, ""support"": 568.0}, ""accuracy"": 0.8262938726948245, ""macro avg"": {""precision"": 0.8149665932797017, ""recall"": 0.7864933310555154, ""f1-score"": 0.797380926434117, ""support"": 1681.0}, ""weighted avg"": {""precision"": 0.8234815826331389, ""recall"": 0.8262938726948245, ""f1-score"": 0.8221959747996062, ""support"": 1681.0}}"
GERMEVAL,GELECTRA_BASE,DYNAMIC_MIXED,1,0.8079667063020214,0.7853789514477107,0.7851322477052621,0.7852552358478446,0.8079251862463465,0.8547085201793722,0.855475763016158,0.8550919694930462,1114.0,0.7160493827160493,0.7147887323943662,0.7154185022026431,568.0,"{""0"": {""precision"": 0.8547085201793722, ""recall"": 0.855475763016158, ""f1-score"": 0.8550919694930462, ""support"": 1114.0}, ""1"": {""precision"": 0.7160493827160493, ""recall"": 0.7147887323943662, ""f1-score"": 0.7154185022026431, ""support"": 568.0}, ""accuracy"": 0.8079667063020214, ""macro avg"": {""precision"": 0.7853789514477107, ""recall"": 0.7851322477052621, ""f1-score"": 0.7852552358478446, ""support"": 1682.0}, ""weighted avg"": {""precision"": 0.8078842692405093, ""recall"": 0.8079667063020214, ""f1-score"": 0.8079251862463465, ""support"": 1682.0}}"
GERMEVAL,GELECTRA_BASE,DYNAMIC_MIXED,2,0.8043995243757431,0.7830274501334302,0.773378827723974,0.7776915397702506,0.8027045064848285,0.8410078192875761,0.8689407540394973,0.8547461368653422,1114.0,0.7250470809792844,0.6778169014084507,0.7006369426751592,568.0,"{""0"": {""precision"": 0.8410078192875761, ""recall"": 0.8689407540394973, ""f1-score"": 0.8547461368653422, ""support"": 1114.0}, ""1"": {""precision"": 0.7250470809792844, ""recall"": 0.6778169014084507, ""f1-score"": 0.7006369426751592, ""support"": 568.0}, ""accuracy"": 0.8043995243757431, ""macro avg"": {""precision"": 0.7830274501334302, ""recall"": 0.773378827723974, ""f1-score"": 0.7776915397702506, ""support"": 1682.0}, ""weighted avg"": {""precision"": 0.8018486639016605, ""recall"": 0.8043995243757431, ""f1-score"": 0.8027045064848285, ""support"": 1682.0}}"
GERMEVAL,GELECTRA_BASE,DYNAMIC_MIXED,3,0.816775728732897,0.7963099619053168,0.7898812294383808,0.7928776022914565,0.8157712540663566,0.8541300527240774,0.8725314183123878,0.8632326820603907,1114.0,0.7384898710865562,0.7072310405643739,0.7225225225225225,567.0,"{""0"": {""precision"": 0.8541300527240774, ""recall"": 0.8725314183123878, ""f1-score"": 0.8632326820603907, ""support"": 1114.0}, ""1"": {""precision"": 0.7384898710865562, ""recall"": 0.7072310405643739, ""f1-score"": 0.7225225225225225, ""support"": 567.0}, ""accuracy"": 0.816775728732897, ""macro avg"": {""precision"": 0.7963099619053168, ""recall"": 0.7898812294383808, ""f1-score"": 0.7928776022914565, ""support"": 1681.0}, ""weighted avg"": {""precision"": 0.815124708887983, ""recall"": 0.816775728732897, ""f1-score"": 0.8157712540663566, ""support"": 1681.0}}"
GERMEVAL,GELECTRA_BASE,DYNAMIC_MIXED,4,0.7965496728138013,0.7726956177284257,0.7702908944680339,0.7714572619808612,0.7960991806983087,0.8434163701067615,0.8509874326750448,0.8471849865951743,1114.0,0.7019748653500898,0.689594356261023,0.6957295373665481,567.0,"{""0"": {""precision"": 0.8434163701067615, ""recall"": 0.8509874326750448, ""f1-score"": 0.8471849865951743, ""support"": 1114.0}, ""1"": {""precision"": 0.7019748653500898, ""recall"": 0.689594356261023, ""f1-score"": 0.6957295373665481, ""support"": 567.0}, ""accuracy"": 0.7965496728138013, ""macro avg"": {""precision"": 0.7726956177284257, ""recall"": 0.7702908944680339, ""f1-score"": 0.7714572619808612, ""support"": 1681.0}, ""weighted avg"": {""precision"": 0.7957082599360102, ""recall"": 0.7965496728138013, ""f1-score"": 0.7960991806983087, ""support"": 1681.0}}"
GERMEVAL,GELECTRA_BASE,DYNAMIC_MIXED,5,0.8138013087447947,0.7958940437316024,0.7792145957506043,0.7861987976163629,0.8111050369623817,0.841296928327645,0.8858939802336029,0.863019693654267,1113.0,0.75049115913556,0.6725352112676056,0.7093779015784587,568.0,"{""0"": {""precision"": 0.841296928327645, ""recall"": 0.8858939802336029, ""f1-score"": 0.863019693654267, ""support"": 1113.0}, ""1"": {""precision"": 0.75049115913556, ""recall"": 0.6725352112676056, ""f1-score"": 0.7093779015784587, ""support"": 568.0}, ""accuracy"": 0.8138013087447947, ""macro avg"": {""precision"": 0.7958940437316024, ""recall"": 0.7792145957506043, ""f1-score"": 0.7861987976163629, ""support"": 1681.0}, ""weighted avg"": {""precision"": 0.8106141937047394, ""recall"": 0.8138013087447947, ""f1-score"": 0.8111050369623817, ""support"": 1681.0}}"
GERMEVAL,BERT_GERMAN,DYNAMIC_MIXED,1,0.8228299643281808,0.8051724137931034,0.7920385869977495,0.797779445345469,0.8208834712991188,0.8517241379310345,0.8868940754039497,0.8689533861037819,1114.0,0.7586206896551724,0.6971830985915493,0.726605504587156,568.0,"{""0"": {""precision"": 0.8517241379310345, ""recall"": 0.8868940754039497, ""f1-score"": 0.8689533861037819, ""support"": 1114.0}, ""1"": {""precision"": 0.7586206896551724, ""recall"": 0.6971830985915493, ""f1-score"": 0.726605504587156, ""support"": 568.0}, ""accuracy"": 0.8228299643281808, ""macro avg"": {""precision"": 0.8051724137931034, ""recall"": 0.7920385869977495, ""f1-score"": 0.797779445345469, ""support"": 1682.0}, ""weighted avg"": {""precision"": 0.8202837344704581, ""recall"": 0.8228299643281808, ""f1-score"": 0.8208834712991188, ""support"": 1682.0}}"
GERMEVAL,BERT_GERMAN,DYNAMIC_MIXED,2,0.8198573127229488,0.8007542246541164,0.7910887677952816,0.7954512890101515,0.8183870703306119,0.8529155787641427,0.8797127468581688,0.8661069376933275,1114.0,0.7485928705440901,0.7024647887323944,0.7247956403269755,568.0,"{""0"": {""precision"": 0.8529155787641427, ""recall"": 0.8797127468581688, ""f1-score"": 0.8661069376933275, ""support"": 1114.0}, ""1"": {""precision"": 0.7485928705440901, ""recall"": 0.7024647887323944, ""f1-score"": 0.7247956403269755, ""support"": 568.0}, ""accuracy"": 0.8198573127229488, ""macro avg"": {""precision"": 0.8007542246541164, ""recall"": 0.7910887677952816, ""f1-score"": 0.7954512890101515, ""support"": 1682.0}, ""weighted avg"": {""precision"": 0.8176865072605816, ""recall"": 0.8198573127229488, ""f1-score"": 0.8183870703306119, ""support"": 1682.0}}"
GERMEVAL,BERT_GERMAN,DYNAMIC_MIXED,3,0.8316478286734087,0.8156984831533413,0.8011020552911636,0.8074420826173981,0.8296577589473273,0.8572656921754084,0.8949730700179533,0.8757136583223539,1114.0,0.7741312741312741,0.7072310405643739,0.7391705069124423,567.0,"{""0"": {""precision"": 0.8572656921754084, ""recall"": 0.8949730700179533, ""f1-score"": 0.8757136583223539, ""support"": 1114.0}, ""1"": {""precision"": 0.7741312741312741, ""recall"": 0.7072310405643739, ""f1-score"": 0.7391705069124423, ""support"": 567.0}, ""accuracy"": 0.8316478286734087, ""macro avg"": {""precision"": 0.8156984831533413, ""recall"": 0.8011020552911636, ""f1-score"": 0.8074420826173981, ""support"": 1681.0}, ""weighted avg"": {""precision"": 0.8292245172610573, ""recall"": 0.8316478286734087, ""f1-score"": 0.8296577589473273, ""support"": 1681.0}}"
GERMEVAL,BERT_GERMAN,DYNAMIC_MIXED,4,0.8149910767400357,0.79776145629526,0.7790087043528097,0.7867218610184248,0.8119886273578384,0.8405428329092451,0.8895870736086176,0.8643698211949411,1114.0,0.7549800796812749,0.6684303350970018,0.7090739008419084,567.0,"{""0"": {""precision"": 0.8405428329092451, ""recall"": 0.8895870736086176, ""f1-score"": 0.8643698211949411, ""support"": 1114.0}, ""1"": {""precision"": 0.7549800796812749, ""recall"": 0.6684303350970018, ""f1-score"": 0.7090739008419084, ""support"": 567.0}, ""accuracy"": 0.8149910767400357, ""macro avg"": {""precision"": 0.79776145629526, ""recall"": 0.7790087043528097, ""f1-score"": 0.7867218610184248, ""support"": 1681.0}, ""weighted avg"": {""precision"": 0.8116825824153373, ""recall"": 0.8149910767400357, ""f1-score"": 0.8119886273578384, ""support"": 1681.0}}"
GERMEVAL,BERT_GERMAN,DYNAMIC_MIXED,5,0.8114217727543129,0.7992318907577967,0.7662104703693862,0.7780286813151567,0.8059416181776416,0.8262295081967214,0.9056603773584906,0.864123446206601,1113.0,0.7722342733188721,0.6267605633802817,0.6919339164237124,568.0,"{""0"": {""precision"": 0.8262295081967214, ""recall"": 0.9056603773584906, ""f1-score"": 0.864123446206601, ""support"": 1113.0}, ""1"": {""precision"": 0.7722342733188721, ""recall"": 0.6267605633802817, ""f1-score"": 0.6919339164237124, ""support"": 568.0}, ""accuracy"": 0.8114217727543129, ""macro avg"": {""precision"": 0.7992318907577967, ""recall"": 0.7662104703693862, ""f1-score"": 0.7780286813151567, ""support"": 1681.0}, ""weighted avg"": {""precision"": 0.8079848363284177, ""recall"": 0.8114217727543129, ""f1-score"": 0.8059416181776416, ""support"": 1681.0}}"
GERMEVAL,XLM_ROBERTA,DYNAMIC_MIXED,1,0.807372175980975,0.7901777153814546,0.7678569170859989,0.7766293895926957,0.80352932768244,0.8313758389261745,0.8895870736086176,0.8594969644405898,1114.0,0.7489795918367347,0.6461267605633803,0.6937618147448015,568.0,"{""0"": {""precision"": 0.8313758389261745, ""recall"": 0.8895870736086176, ""f1-score"": 0.8594969644405898, ""support"": 1114.0}, ""1"": {""precision"": 0.7489795918367347, ""recall"": 0.6461267605633803, ""f1-score"": 0.6937618147448015, ""support"": 568.0}, ""accuracy"": 0.807372175980975, ""macro avg"": {""precision"": 0.7901777153814546, ""recall"": 0.7678569170859989, ""f1-score"": 0.7766293895926957, ""support"": 1682.0}, ""weighted avg"": {""precision"": 0.8035511847366372, ""recall"": 0.807372175980975, ""f1-score"": 0.80352932768244, ""support"": 1682.0}}"
GERMEVAL,XLM_ROBERTA,DYNAMIC_MIXED,2,0.8067776456599287,0.7884805960187493,0.7691338786760058,0.7769593932675316,0.8034321831963914,0.8334742180896028,0.8850987432675045,0.8585111014366565,1114.0,0.7434869739478958,0.653169014084507,0.6954076850984068,568.0,"{""0"": {""precision"": 0.8334742180896028, ""recall"": 0.8850987432675045, ""f1-score"": 0.8585111014366565, ""support"": 1114.0}, ""1"": {""precision"": 0.7434869739478958, ""recall"": 0.653169014084507, ""f1-score"": 0.6954076850984068, ""support"": 568.0}, ""accuracy"": 0.8067776456599287, ""macro avg"": {""precision"": 0.7884805960187493, ""recall"": 0.7691338786760058, ""f1-score"": 0.7769593932675316, ""support"": 1682.0}, ""weighted avg"": {""precision"": 0.803086135644603, ""recall"": 0.8067776456599287, ""f1-score"": 0.8034321831963914, ""support"": 1682.0}}"
GERMEVAL,XLM_ROBERTA,DYNAMIC_MIXED,3,0.8143961927424153,0.8043606799704361,0.7673018406112362,0.7802054486814137,0.8084141017754829,0.8260162601626017,0.9120287253141831,0.8668941979522184,1114.0,0.7827050997782705,0.6225749559082893,0.693516699410609,567.0,"{""0"": {""precision"": 0.8260162601626017, ""recall"": 0.9120287253141831, ""f1-score"": 0.8668941979522184, ""support"": 1114.0}, ""1"": {""precision"": 0.7827050997782705, ""recall"": 0.6225749559082893, ""f1-score"": 0.693516699410609, ""support"": 567.0}, ""accuracy"": 0.8143961927424153, ""macro avg"": {""precision"": 0.8043606799704361, ""recall"": 0.7673018406112362, ""f1-score"": 0.7802054486814137, ""support"": 1681.0}, ""weighted avg"": {""precision"": 0.8114074392596179, ""recall"": 0.8143961927424153, ""f1-score"": 0.8084141017754829, ""support"": 1681.0}}"
GERMEVAL,XLM_ROBERTA,DYNAMIC_MIXED,4,0.8042831647828673,0.7857781158228992,0.765300694385075,0.7734669309454849,0.8006548017665305,0.8306655433866892,0.8850987432675045,0.8570186875271621,1114.0,0.7408906882591093,0.6455026455026455,0.6899151743638078,567.0,"{""0"": {""precision"": 0.8306655433866892, ""recall"": 0.8850987432675045, ""f1-score"": 0.8570186875271621, ""support"": 1114.0}, ""1"": {""precision"": 0.7408906882591093, ""recall"": 0.6455026455026455, ""f1-score"": 0.6899151743638078, ""support"": 567.0}, ""accuracy"": 0.8042831647828673, ""macro avg"": {""precision"": 0.7857781158228992, ""recall"": 0.765300694385075, ""f1-score"": 0.7734669309454849, ""support"": 1681.0}, ""weighted avg"": {""precision"": 0.8003845541794686, ""recall"": 0.8042831647828673, ""f1-score"": 0.8006548017665305, ""support"": 1681.0}}"
GERMEVAL,XLM_ROBERTA,DYNAMIC_MIXED,5,0.810232004759072,0.8024132396081254,0.7592773622869291,0.7733636732870486,0.8029997214467134,0.8186195826645265,0.9164420485175202,0.8647732089868588,1113.0,0.7862068965517242,0.602112676056338,0.6819541375872383,568.0,"{""0"": {""precision"": 0.8186195826645265, ""recall"": 0.9164420485175202, ""f1-score"": 0.8647732089868588, ""support"": 1113.0}, ""1"": {""precision"": 0.7862068965517242, ""recall"": 0.602112676056338, ""f1-score"": 0.6819541375872383, ""support"": 568.0}, ""accuracy"": 0.810232004759072, ""macro avg"": {""precision"": 0.8024132396081254, ""recall"": 0.7592773622869291, ""f1-score"": 0.7733636732870486, ""support"": 1681.0}, ""weighted avg"": {""precision"": 0.8076675269167146, ""recall"": 0.810232004759072, ""f1-score"": 0.8029997214467134, ""support"": 1681.0}}"
GERMEVAL,XLM_ROBERTA_LARGE,DYNAMIC_MIXED,1,0.8335315101070154,0.8228003973564757,0.7958030950514577,0.8063665188732616,0.8299095112758483,0.8480801335559266,0.9120287253141831,0.8788927335640139,1114.0,0.7975206611570248,0.6795774647887324,0.7338403041825095,568.0,"{""0"": {""precision"": 0.8480801335559266, ""recall"": 0.9120287253141831, ""f1-score"": 0.8788927335640139, ""support"": 1114.0}, ""1"": {""precision"": 0.7975206611570248, ""recall"": 0.6795774647887324, ""f1-score"": 0.7338403041825095, ""support"": 568.0}, ""accuracy"": 0.8335315101070154, ""macro avg"": {""precision"": 0.8228003973564757, ""recall"": 0.7958030950514577, ""f1-score"": 0.8063665188732616, ""support"": 1682.0}, ""weighted avg"": {""precision"": 0.8310065424010061, ""recall"": 0.8335315101070154, ""f1-score"": 0.8299095112758483, ""support"": 1682.0}}"
GERMEVAL,XLM_ROBERTA_LARGE,DYNAMIC_MIXED,2,0.8299643281807372,0.8161269035532995,0.7952673401269376,0.8038226389487009,0.8270691573863097,0.850253807106599,0.9021543985637342,0.8754355400696864,1114.0,0.782,0.6883802816901409,0.7322097378277154,568.0,"{""0"": {""precision"": 0.850253807106599, ""recall"": 0.9021543985637342, ""f1-score"": 0.8754355400696864, ""support"": 1114.0}, ""1"": {""precision"": 0.782, ""recall"": 0.6883802816901409, ""f1-score"": 0.7322097378277154, ""support"": 568.0}, ""accuracy"": 0.8299643281807372, ""macro avg"": {""precision"": 0.8161269035532995, ""recall"": 0.7952673401269376, ""f1-score"": 0.8038226389487009, ""support"": 1682.0}, ""weighted avg"": {""precision"": 0.8272049590468201, ""recall"": 0.8299643281807372, ""f1-score"": 0.8270691573863097, ""support"": 1682.0}}"
GERMEVAL,XLM_ROBERTA_LARGE,DYNAMIC_MIXED,3,0.8387864366448543,0.8279725492211998,0.8030240422520494,0.8130217514883731,0.8356071405598398,0.853904282115869,0.9129263913824057,0.8824295010845987,1114.0,0.8020408163265306,0.6931216931216931,0.7436140018921475,567.0,"{""0"": {""precision"": 0.853904282115869, ""recall"": 0.9129263913824057, ""f1-score"": 0.8824295010845987, ""support"": 1114.0}, ""1"": {""precision"": 0.8020408163265306, ""recall"": 0.6931216931216931, ""f1-score"": 0.7436140018921475, ""support"": 567.0}, ""accuracy"": 0.8387864366448543, ""macro avg"": {""precision"": 0.8279725492211998, ""recall"": 0.8030240422520494, ""f1-score"": 0.8130217514883731, ""support"": 1681.0}, ""weighted avg"": {""precision"": 0.8364107752136947, ""recall"": 0.8387864366448543, ""f1-score"": 0.8356071405598398, ""support"": 1681.0}}"
GERMEVAL,XLM_ROBERTA_LARGE,DYNAMIC_MIXED,4,0.816775728732897,0.7971571276508638,0.7872832223520434,0.7917237894791043,0.8152287822266595,0.8504347826086956,0.8779174147217235,0.8639575971731449,1114.0,0.743879472693032,0.6966490299823633,0.7194899817850637,567.0,"{""0"": {""precision"": 0.8504347826086956, ""recall"": 0.8779174147217235, ""f1-score"": 0.8639575971731449, ""support"": 1114.0}, ""1"": {""precision"": 0.743879472693032, ""recall"": 0.6966490299823633, ""f1-score"": 0.7194899817850637, ""support"": 567.0}, ""accuracy"": 0.816775728732897, ""macro avg"": {""precision"": 0.7971571276508638, ""recall"": 0.7872832223520434, ""f1-score"": 0.7917237894791043, ""support"": 1681.0}, ""weighted avg"": {""precision"": 0.8144937589786057, ""recall"": 0.816775728732897, ""f1-score"": 0.8152287822266595, ""support"": 1681.0}}"
GERMEVAL,XLM_ROBERTA_LARGE,DYNAMIC_MIXED,5,0.834622248661511,0.8273900987301083,0.7932136846234641,0.8058626958330841,0.8300882851553293,0.8436213991769548,0.9209344115004492,0.8805841924398625,1113.0,0.8111587982832618,0.6654929577464789,0.7311411992263056,568.0,"{""0"": {""precision"": 0.8436213991769548, ""recall"": 0.9209344115004492, ""f1-score"": 0.8805841924398625, ""support"": 1113.0}, ""1"": {""precision"": 0.8111587982832618, ""recall"": 0.6654929577464789, ""f1-score"": 0.7311411992263056, ""support"": 568.0}, ""accuracy"": 0.834622248661511, ""macro avg"": {""precision"": 0.8273900987301083, ""recall"": 0.7932136846234641, ""f1-score"": 0.8058626958330841, ""support"": 1681.0}, ""weighted avg"": {""precision"": 0.8326524775186457, ""recall"": 0.834622248661511, ""f1-score"": 0.8300882851553293, ""support"": 1681.0}}"
HASOC,GBERT,DYNAMIC_MIXED,1,0.8922742110990207,0.8053611199490932,0.5657453075763803,0.587314763155388,0.858690069363456,0.8964365256124721,0.9926017262638718,0.9420713867758923,811.0,0.7142857142857143,0.1388888888888889,0.23255813953488372,108.0,"{""0"": {""precision"": 0.8964365256124721, ""recall"": 0.9926017262638718, ""f1-score"": 0.9420713867758923, ""support"": 811.0}, ""1"": {""precision"": 0.7142857142857143, ""recall"": 0.1388888888888889, ""f1-score"": 0.23255813953488372, ""support"": 108.0}, ""accuracy"": 0.8922742110990207, ""macro avg"": {""precision"": 0.8053611199490932, ""recall"": 0.5657453075763803, ""f1-score"": 0.587314763155388, ""support"": 919.0}, ""weighted avg"": {""precision"": 0.8750303366861502, ""recall"": 0.8922742110990207, ""f1-score"": 0.858690069363456, ""support"": 919.0}}"
HASOC,GBERT,DYNAMIC_MIXED,2,0.8900979325353645,0.7465137706061059,0.6121248159474459,0.6441876066164491,0.8698199868116844,0.9060710194730813,0.9765432098765432,0.9399881164587047,810.0,0.5869565217391305,0.24770642201834864,0.34838709677419355,109.0,"{""0"": {""precision"": 0.9060710194730813, ""recall"": 0.9765432098765432, ""f1-score"": 0.9399881164587047, ""support"": 810.0}, ""1"": {""precision"": 0.5869565217391305, ""recall"": 0.24770642201834864, ""f1-score"": 0.34838709677419355, ""support"": 109.0}, ""accuracy"": 0.8900979325353645, ""macro avg"": {""precision"": 0.7465137706061059, ""recall"": 0.6121248159474459, ""f1-score"": 0.6441876066164491, ""support"": 919.0}, ""weighted avg"": {""precision"": 0.8682217482511002, ""recall"": 0.8900979325353645, ""f1-score"": 0.8698199868116844, ""support"": 919.0}}"
HASOC,GBERT,DYNAMIC_MIXED,3,0.8988030467899891,0.8816509577379142,0.5853041114509004,0.6177973946524637,0.8677783110844501,0.8996655518394648,0.9962962962962963,0.945518453427065,810.0,0.8636363636363636,0.1743119266055046,0.2900763358778626,109.0,"{""0"": {""precision"": 0.8996655518394648, ""recall"": 0.9962962962962963, ""f1-score"": 0.945518453427065, ""support"": 810.0}, ""1"": {""precision"": 0.8636363636363636, ""recall"": 0.1743119266055046, ""f1-score"": 0.2900763358778626, ""support"": 109.0}, ""accuracy"": 0.8988030467899891, ""macro avg"": {""precision"": 0.8816509577379142, ""recall"": 0.5853041114509004, ""f1-score"": 0.6177973946524637, ""support"": 919.0}, ""weighted avg"": {""precision"": 0.8953922313670621, ""recall"": 0.8988030467899891, ""f1-score"": 0.8677783110844501, ""support"": 919.0}}"
HASOC,GBERT,DYNAMIC_MIXED,4,0.8966267682263329,0.8256172839506173,0.5920092875750368,0.6253599213858744,0.8685287955996358,0.9012345679012346,0.991358024691358,0.9441504997060552,810.0,0.75,0.1926605504587156,0.30656934306569344,109.0,"{""0"": {""precision"": 0.9012345679012346, ""recall"": 0.991358024691358, ""f1-score"": 0.9441504997060552, ""support"": 810.0}, ""1"": {""precision"": 0.75, ""recall"": 0.1926605504587156, ""f1-score"": 0.30656934306569344, ""support"": 109.0}, ""accuracy"": 0.8966267682263329, ""macro avg"": {""precision"": 0.8256172839506173, ""recall"": 0.5920092875750368, ""f1-score"": 0.6253599213858744, ""support"": 919.0}, ""weighted avg"": {""precision"": 0.8832970620239391, ""recall"": 0.8966267682263329, ""f1-score"": 0.8685287955996358, ""support"": 919.0}}"
HASOC,GBERT,DYNAMIC_MIXED,5,0.8954248366013072,0.7783029612756265,0.6117283950617284,0.6472396567183297,0.8735071843519014,0.9066059225512528,0.9827160493827161,0.943127962085308,810.0,0.65,0.24074074074074073,0.35135135135135137,108.0,"{""0"": {""precision"": 0.9066059225512528, ""recall"": 0.9827160493827161, ""f1-score"": 0.943127962085308, ""support"": 810.0}, ""1"": {""precision"": 0.65, ""recall"": 0.24074074074074073, ""f1-score"": 0.35135135135135137, ""support"": 108.0}, ""accuracy"": 0.8954248366013072, ""macro avg"": {""precision"": 0.7783029612756265, ""recall"": 0.6117283950617284, ""f1-score"": 0.6472396567183297, ""support"": 918.0}, ""weighted avg"": {""precision"": 0.8764169904863995, ""recall"": 0.8954248366013072, ""f1-score"": 0.8735071843519014, ""support"": 918.0}}"
HASOC,GELECTRA_BASE,DYNAMIC_MIXED,1,0.8824809575625681,0.44124047878128403,0.5,0.4687861271676301,0.827389660789876,0.8824809575625681,1.0,0.9375722543352601,811.0,0.0,0.0,0.0,108.0,"{""0"": {""precision"": 0.8824809575625681, ""recall"": 1.0, ""f1-score"": 0.9375722543352601, ""support"": 811.0}, ""1"": {""precision"": 0.0, ""recall"": 0.0, ""f1-score"": 0.0, ""support"": 108.0}, ""accuracy"": 0.8824809575625681, ""macro avg"": {""precision"": 0.44124047878128403, ""recall"": 0.5, ""f1-score"": 0.4687861271676301, ""support"": 919.0}, ""weighted avg"": {""precision"": 0.778772640460547, ""recall"": 0.8824809575625681, ""f1-score"": 0.827389660789876, ""support"": 919.0}}"
HASOC,GELECTRA_BASE,DYNAMIC_MIXED,2,0.8813928182807399,0.44069640914036995,0.5,0.4684788895315211,0.8258278574984377,0.8813928182807399,1.0,0.9369577790630422,810.0,0.0,0.0,0.0,109.0,"{""0"": {""precision"": 0.8813928182807399, ""recall"": 1.0, ""f1-score"": 0.9369577790630422, ""support"": 810.0}, ""1"": {""precision"": 0.0, ""recall"": 0.0, ""f1-score"": 0.0, ""support"": 109.0}, ""accuracy"": 0.8813928182807399, ""macro avg"": {""precision"": 0.44069640914036995, ""recall"": 0.5, ""f1-score"": 0.4684788895315211, ""support"": 919.0}, ""weighted avg"": {""precision"": 0.7768533001168655, ""recall"": 0.8813928182807399, ""f1-score"": 0.8258278574984377, ""support"": 919.0}}"
HASOC,GELECTRA_BASE,DYNAMIC_MIXED,3,0.8813928182807399,0.44069640914036995,0.5,0.4684788895315211,0.8258278574984377,0.8813928182807399,1.0,0.9369577790630422,810.0,0.0,0.0,0.0,109.0,"{""0"": {""precision"": 0.8813928182807399, ""recall"": 1.0, ""f1-score"": 0.9369577790630422, ""support"": 810.0}, ""1"": {""precision"": 0.0, ""recall"": 0.0, ""f1-score"": 0.0, ""support"": 109.0}, ""accuracy"": 0.8813928182807399, ""macro avg"": {""precision"": 0.44069640914036995, ""recall"": 0.5, ""f1-score"": 0.4684788895315211, ""support"": 919.0}, ""weighted avg"": {""precision"": 0.7768533001168655, ""recall"": 0.8813928182807399, ""f1-score"": 0.8258278574984377, ""support"": 919.0}}"
HASOC,GELECTRA_BASE,DYNAMIC_MIXED,4,0.8813928182807399,0.44069640914036995,0.5,0.4684788895315211,0.8258278574984377,0.8813928182807399,1.0,0.9369577790630422,810.0,0.0,0.0,0.0,109.0,"{""0"": {""precision"": 0.8813928182807399, ""recall"": 1.0, ""f1-score"": 0.9369577790630422, ""support"": 810.0}, ""1"": {""precision"": 0.0, ""recall"": 0.0, ""f1-score"": 0.0, ""support"": 109.0}, ""accuracy"": 0.8813928182807399, ""macro avg"": {""precision"": 0.44069640914036995, ""recall"": 0.5, ""f1-score"": 0.4684788895315211, ""support"": 919.0}, ""weighted avg"": {""precision"": 0.7768533001168655, ""recall"": 0.8813928182807399, ""f1-score"": 0.8258278574984377, ""support"": 919.0}}"
HASOC,GELECTRA_BASE,DYNAMIC_MIXED,5,0.8823529411764706,0.4411764705882353,0.5,0.46875,0.8272058823529411,0.8823529411764706,1.0,0.9375,810.0,0.0,0.0,0.0,108.0,"{""0"": {""precision"": 0.8823529411764706, ""recall"": 1.0, ""f1-score"": 0.9375, ""support"": 810.0}, ""1"": {""precision"": 0.0, ""recall"": 0.0, ""f1-score"": 0.0, ""support"": 108.0}, ""accuracy"": 0.8823529411764706, ""macro avg"": {""precision"": 0.4411764705882353, ""recall"": 0.5, ""f1-score"": 0.46875, ""support"": 918.0}, ""weighted avg"": {""precision"": 0.7785467128027681, ""recall"": 0.8823529411764706, ""f1-score"": 0.8272058823529411, ""support"": 918.0}}"
HASOC,BERT_GERMAN,DYNAMIC_MIXED,1,0.8879216539717084,0.7320823379076615,0.5953840708772892,0.6238710010688983,0.8649458179399054,0.9031890660592256,0.9778051787916153,0.9390171699230314,811.0,0.5609756097560976,0.21296296296296297,0.3087248322147651,108.0,"{""0"": {""precision"": 0.9031890660592256, ""recall"": 0.9778051787916153, ""f1-score"": 0.9390171699230314, ""support"": 811.0}, ""1"": {""precision"": 0.5609756097560976, ""recall"": 0.21296296296296297, ""f1-score"": 0.3087248322147651, ""support"": 108.0}, ""accuracy"": 0.8879216539717084, ""macro avg"": {""precision"": 0.7320823379076615, ""recall"": 0.5953840708772892, ""f1-score"": 0.6238710010688983, ""support"": 919.0}, ""weighted avg"": {""precision"": 0.8629724683652781, ""recall"": 0.8879216539717084, ""f1-score"": 0.8649458179399054, ""support"": 919.0}}"
HASOC,BERT_GERMAN,DYNAMIC_MIXED,2,0.8792165397170838,0.6958444687017729,0.6178615924793295,0.6421452551594944,0.8643203493772351,0.9078179696616102,0.9604938271604938,0.9334133173365327,810.0,0.4838709677419355,0.27522935779816515,0.3508771929824561,109.0,"{""0"": {""precision"": 0.9078179696616102, ""recall"": 0.9604938271604938, ""f1-score"": 0.9334133173365327, ""support"": 810.0}, ""1"": {""precision"": 0.4838709677419355, ""recall"": 0.27522935779816515, ""f1-score"": 0.3508771929824561, ""support"": 109.0}, ""accuracy"": 0.8792165397170838, ""macro avg"": {""precision"": 0.6958444687017729, ""recall"": 0.6178615924793295, ""f1-score"": 0.6421452551594944, ""support"": 919.0}, ""weighted avg"": {""precision"": 0.8575348105655879, ""recall"": 0.8792165397170838, ""f1-score"": 0.8643203493772351, ""support"": 919.0}}"
HASOC,BERT_GERMAN,DYNAMIC_MIXED,3,0.8977149075081611,0.8395615346287992,0.5926265715256541,0.6267971936130504,0.8693429374706143,0.9013452914798207,0.9925925925925926,0.9447708578143361,810.0,0.7777777777777778,0.1926605504587156,0.3088235294117647,109.0,"{""0"": {""precision"": 0.9013452914798207, ""recall"": 0.9925925925925926, ""f1-score"": 0.9447708578143361, ""support"": 810.0}, ""1"": {""precision"": 0.7777777777777778, ""recall"": 0.1926605504587156, ""f1-score"": 0.3088235294117647, ""support"": 109.0}, ""accuracy"": 0.8977149075081611, ""macro avg"": {""precision"": 0.8395615346287992, ""recall"": 0.5926265715256541, ""f1-score"": 0.6267971936130504, ""support"": 919.0}, ""weighted avg"": {""precision"": 0.8866892969275654, ""recall"": 0.8977149075081611, ""f1-score"": 0.8693429374706143, ""support"": 919.0}}"
HASOC,BERT_GERMAN,DYNAMIC_MIXED,4,0.8998911860718172,0.839236413833188,0.6057707554649451,0.6443378764933535,0.8743030498110725,0.9042792792792793,0.991358024691358,0.9458186101295641,810.0,0.7741935483870968,0.22018348623853212,0.34285714285714286,109.0,"{""0"": {""precision"": 0.9042792792792793, ""recall"": 0.991358024691358, ""f1-score"": 0.9458186101295641, ""support"": 810.0}, ""1"": {""precision"": 0.7741935483870968, ""recall"": 0.22018348623853212, ""f1-score"": 0.34285714285714286, ""support"": 109.0}, ""accuracy"": 0.8998911860718172, ""macro avg"": {""precision"": 0.839236413833188, ""recall"": 0.6057707554649451, ""f1-score"": 0.6443378764933535, ""support"": 919.0}, ""weighted avg"": {""precision"": 0.8888501773562675, ""recall"": 0.8998911860718172, ""f1-score"": 0.8743030498110725, ""support"": 919.0}}"
HASOC,BERT_GERMAN,DYNAMIC_MIXED,5,0.8943355119825708,0.7676677740863788,0.6151234567901235,0.65002456423055,0.8736311943764674,0.9074285714285715,0.980246913580247,0.942433234421365,810.0,0.627906976744186,0.25,0.3576158940397351,108.0,"{""0"": {""precision"": 0.9074285714285715, ""recall"": 0.980246913580247, ""f1-score"": 0.942433234421365, ""support"": 810.0}, ""1"": {""precision"": 0.627906976744186, ""recall"": 0.25, ""f1-score"": 0.3576158940397351, ""support"": 108.0}, ""accuracy"": 0.8943355119825708, ""macro avg"": {""precision"": 0.7676677740863788, ""recall"": 0.6151234567901235, ""f1-score"": 0.65002456423055, ""support"": 918.0}, ""weighted avg"": {""precision"": 0.8745436779362908, ""recall"": 0.8943355119825708, ""f1-score"": 0.8736311943764674, ""support"": 918.0}}"
HASOC,XLM_ROBERTA,DYNAMIC_MIXED,1,0.8824809575625681,0.44124047878128403,0.5,0.4687861271676301,0.827389660789876,0.8824809575625681,1.0,0.9375722543352601,811.0,0.0,0.0,0.0,108.0,"{""0"": {""precision"": 0.8824809575625681, ""recall"": 1.0, ""f1-score"": 0.9375722543352601, ""support"": 811.0}, ""1"": {""precision"": 0.0, ""recall"": 0.0, ""f1-score"": 0.0, ""support"": 108.0}, ""accuracy"": 0.8824809575625681, ""macro avg"": {""precision"": 0.44124047878128403, ""recall"": 0.5, ""f1-score"": 0.4687861271676301, ""support"": 919.0}, ""weighted avg"": {""precision"": 0.778772640460547, ""recall"": 0.8824809575625681, ""f1-score"": 0.827389660789876, ""support"": 919.0}}"
HASOC,XLM_ROBERTA,DYNAMIC_MIXED,2,0.8813928182807399,0.44069640914036995,0.5,0.4684788895315211,0.8258278574984377,0.8813928182807399,1.0,0.9369577790630422,810.0,0.0,0.0,0.0,109.0,"{""0"": {""precision"": 0.8813928182807399, ""recall"": 1.0, ""f1-score"": 0.9369577790630422, ""support"": 810.0}, ""1"": {""precision"": 0.0, ""recall"": 0.0, ""f1-score"": 0.0, ""support"": 109.0}, ""accuracy"": 0.8813928182807399, ""macro avg"": {""precision"": 0.44069640914036995, ""recall"": 0.5, ""f1-score"": 0.4684788895315211, ""support"": 919.0}, ""weighted avg"": {""precision"": 0.7768533001168655, ""recall"": 0.8813928182807399, ""f1-score"": 0.8258278574984377, ""support"": 919.0}}"
HASOC,XLM_ROBERTA,DYNAMIC_MIXED,3,0.8813928182807399,0.44069640914036995,0.5,0.4684788895315211,0.8258278574984377,0.8813928182807399,1.0,0.9369577790630422,810.0,0.0,0.0,0.0,109.0,"{""0"": {""precision"": 0.8813928182807399, ""recall"": 1.0, ""f1-score"": 0.9369577790630422, ""support"": 810.0}, ""1"": {""precision"": 0.0, ""recall"": 0.0, ""f1-score"": 0.0, ""support"": 109.0}, ""accuracy"": 0.8813928182807399, ""macro avg"": {""precision"": 0.44069640914036995, ""recall"": 0.5, ""f1-score"": 0.4684788895315211, ""support"": 919.0}, ""weighted avg"": {""precision"": 0.7768533001168655, ""recall"": 0.8813928182807399, ""f1-score"": 0.8258278574984377, ""support"": 919.0}}"
HASOC,XLM_ROBERTA,DYNAMIC_MIXED,4,0.8813928182807399,0.44069640914036995,0.5,0.4684788895315211,0.8258278574984377,0.8813928182807399,1.0,0.9369577790630422,810.0,0.0,0.0,0.0,109.0,"{""0"": {""precision"": 0.8813928182807399, ""recall"": 1.0, ""f1-score"": 0.9369577790630422, ""support"": 810.0}, ""1"": {""precision"": 0.0, ""recall"": 0.0, ""f1-score"": 0.0, ""support"": 109.0}, ""accuracy"": 0.8813928182807399, ""macro avg"": {""precision"": 0.44069640914036995, ""recall"": 0.5, ""f1-score"": 0.4684788895315211, ""support"": 919.0}, ""weighted avg"": {""precision"": 0.7768533001168655, ""recall"": 0.8813928182807399, ""f1-score"": 0.8258278574984377, ""support"": 919.0}}"
HASOC,XLM_ROBERTA,DYNAMIC_MIXED,5,0.8823529411764706,0.4411764705882353,0.5,0.46875,0.8272058823529411,0.8823529411764706,1.0,0.9375,810.0,0.0,0.0,0.0,108.0,"{""0"": {""precision"": 0.8823529411764706, ""recall"": 1.0, ""f1-score"": 0.9375, ""support"": 810.0}, ""1"": {""precision"": 0.0, ""recall"": 0.0, ""f1-score"": 0.0, ""support"": 108.0}, ""accuracy"": 0.8823529411764706, ""macro avg"": {""precision"": 0.4411764705882353, ""recall"": 0.5, ""f1-score"": 0.46875, ""support"": 918.0}, ""weighted avg"": {""precision"": 0.7785467128027681, ""recall"": 0.8823529411764706, ""f1-score"": 0.8272058823529411, ""support"": 918.0}}"
HASOC,XLM_ROBERTA_LARGE,DYNAMIC_MIXED,1,0.8879216539717084,0.8726503759398496,0.5271612549664337,0.5222841858235131,0.8419895839680173,0.8881578947368421,0.998766954377312,0.9402205455600696,811.0,0.8571428571428571,0.05555555555555555,0.10434782608695652,108.0,"{""0"": {""precision"": 0.8881578947368421, ""recall"": 0.998766954377312, ""f1-score"": 0.9402205455600696, ""support"": 811.0}, ""1"": {""precision"": 0.8571428571428571, ""recall"": 0.05555555555555555, ""f1-score"": 0.10434782608695652, ""support"": 108.0}, ""accuracy"": 0.8879216539717084, ""macro avg"": {""precision"": 0.8726503759398496, ""recall"": 0.5271612549664337, ""f1-score"": 0.5222841858235131, ""support"": 919.0}, ""weighted avg"": {""precision"": 0.8845130372176361, ""recall"": 0.8879216539717084, ""f1-score"": 0.8419895839680173, ""support"": 919.0}}"
HASOC,XLM_ROBERTA_LARGE,DYNAMIC_MIXED,2,0.8813928182807399,0.44069640914036995,0.5,0.4684788895315211,0.8258278574984377,0.8813928182807399,1.0,0.9369577790630422,810.0,0.0,0.0,0.0,109.0,"{""0"": {""precision"": 0.8813928182807399, ""recall"": 1.0, ""f1-score"": 0.9369577790630422, ""support"": 810.0}, ""1"": {""precision"": 0.0, ""recall"": 0.0, ""f1-score"": 0.0, ""support"": 109.0}, ""accuracy"": 0.8813928182807399, ""macro avg"": {""precision"": 0.44069640914036995, ""recall"": 0.5, ""f1-score"": 0.4684788895315211, ""support"": 919.0}, ""weighted avg"": {""precision"": 0.7768533001168655, ""recall"": 0.8813928182807399, ""f1-score"": 0.8258278574984377, ""support"": 919.0}}"
HASOC,XLM_ROBERTA_LARGE,DYNAMIC_MIXED,3,0.8813928182807399,0.44069640914036995,0.5,0.4684788895315211,0.8258278574984377,0.8813928182807399,1.0,0.9369577790630422,810.0,0.0,0.0,0.0,109.0,"{""0"": {""precision"": 0.8813928182807399, ""recall"": 1.0, ""f1-score"": 0.9369577790630422, ""support"": 810.0}, ""1"": {""precision"": 0.0, ""recall"": 0.0, ""f1-score"": 0.0, ""support"": 109.0}, ""accuracy"": 0.8813928182807399, ""macro avg"": {""precision"": 0.44069640914036995, ""recall"": 0.5, ""f1-score"": 0.4684788895315211, ""support"": 919.0}, ""weighted avg"": {""precision"": 0.7768533001168655, ""recall"": 0.8813928182807399, ""f1-score"": 0.8258278574984377, ""support"": 919.0}}"
HASOC,XLM_ROBERTA_LARGE,DYNAMIC_MIXED,4,0.8933623503808488,0.7948275862068965,0.5861875637104995,0.6161040068201193,0.8649620078906333,0.9,0.9888888888888889,0.9423529411764706,810.0,0.6896551724137931,0.1834862385321101,0.2898550724637681,109.0,"{""0"": {""precision"": 0.9, ""recall"": 0.9888888888888889, ""f1-score"": 0.9423529411764706, ""support"": 810.0}, ""1"": {""precision"": 0.6896551724137931, ""recall"": 0.1834862385321101, ""f1-score"": 0.2898550724637681, ""support"": 109.0}, ""accuracy"": 0.8933623503808488, ""macro avg"": {""precision"": 0.7948275862068965, ""recall"": 0.5861875637104995, ""f1-score"": 0.6161040068201193, ""support"": 919.0}, ""weighted avg"": {""precision"": 0.8750515928107764, ""recall"": 0.8933623503808488, ""f1-score"": 0.8649620078906333, ""support"": 919.0}}"
HASOC,XLM_ROBERTA_LARGE,DYNAMIC_MIXED,5,0.8932461873638344,0.8032718120805369,0.5743827160493827,0.6000320102432779,0.8619103211066758,0.8982102908277405,0.991358024691358,0.9424882629107981,810.0,0.7083333333333334,0.1574074074074074,0.25757575757575757,108.0,"{""0"": {""precision"": 0.8982102908277405, ""recall"": 0.991358024691358, ""f1-score"": 0.9424882629107981, ""support"": 810.0}, ""1"": {""precision"": 0.7083333333333334, ""recall"": 0.1574074074074074, ""f1-score"": 0.25757575757575757, ""support"": 108.0}, ""accuracy"": 0.8932461873638344, ""macro avg"": {""precision"": 0.8032718120805369, ""recall"": 0.5743827160493827, ""f1-score"": 0.6000320102432779, ""support"": 918.0}, ""weighted avg"": {""precision"": 0.8758718252401632, ""recall"": 0.8932461873638344, ""f1-score"": 0.8619103211066758, ""support"": 918.0}}"
GAHD,GBERT,DYNAMIC_MIXED,1,0.7744429286039108,0.7718237331388991,0.7777477230358167,0.7723469447389733,0.7756548244879032,0.8365384615384616,0.7559241706161137,0.7941908713692946,1266.0,0.7071090047393365,0.7995712754555199,0.7505030181086519,933.0,"{""0"": {""precision"": 0.8365384615384616, ""recall"": 0.7559241706161137, ""f1-score"": 0.7941908713692946, ""support"": 1266.0}, ""1"": {""precision"": 0.7071090047393365, ""recall"": 0.7995712754555199, ""f1-score"": 0.7505030181086519, ""support"": 933.0}, ""accuracy"": 0.7744429286039108, ""macro avg"": {""precision"": 0.7718237331388991, ""recall"": 0.7777477230358167, ""f1-score"": 0.7723469447389733, ""support"": 2199.0}, ""weighted avg"": {""precision"": 0.7816236442607972, ""recall"": 0.7744429286039108, ""f1-score"": 0.7756548244879032, ""support"": 2199.0}}"
GAHD,GBERT,DYNAMIC_MIXED,2,0.7953615279672579,0.7910035250881272,0.7956332576461804,0.7924375141584232,0.7961681524662466,0.8417085427135679,0.7938388625592417,0.8170731707317073,1266.0,0.7402985074626866,0.797427652733119,0.7678018575851393,933.0,"{""0"": {""precision"": 0.8417085427135679, ""recall"": 0.7938388625592417, ""f1-score"": 0.8170731707317073, ""support"": 1266.0}, ""1"": {""precision"": 0.7402985074626866, ""recall"": 0.797427652733119, ""f1-score"": 0.7678018575851393, ""support"": 933.0}, ""accuracy"": 0.7953615279672579, ""macro avg"": {""precision"": 0.7910035250881272, ""recall"": 0.7956332576461804, ""f1-score"": 0.7924375141584232, ""support"": 2199.0}, ""weighted avg"": {""precision"": 0.7986819111132623, ""recall"": 0.7953615279672579, ""f1-score"": 0.7961681524662466, ""support"": 2199.0}}"
GAHD,GBERT,DYNAMIC_MIXED,3,0.789449749886312,0.784412374569556,0.7861291862869102,0.7851805495979429,0.7897664970044813,0.8230088495575221,0.8080568720379147,0.8154643284176963,1266.0,0.74581589958159,0.7642015005359056,0.7548967707781895,933.0,"{""0"": {""precision"": 0.8230088495575221, ""recall"": 0.8080568720379147, ""f1-score"": 0.8154643284176963, ""support"": 1266.0}, ""1"": {""precision"": 0.74581589958159, ""recall"": 0.7642015005359056, ""f1-score"": 0.7548967707781895, ""support"": 933.0}, ""accuracy"": 0.789449749886312, ""macro avg"": {""precision"": 0.784412374569556, ""recall"": 0.7861291862869102, ""f1-score"": 0.7851805495979429, ""support"": 2199.0}, ""weighted avg"": {""precision"": 0.7902571340834227, ""recall"": 0.789449749886312, ""f1-score"": 0.7897664970044813, ""support"": 2199.0}}"
GAHD,GBERT,DYNAMIC_MIXED,4,0.7917235106866758,0.7867317175974711,0.7879629488527555,0.7873034470990338,0.7919466053787965,0.8232,0.8127962085308057,0.8179650238473768,1266.0,0.7502634351949421,0.7631296891747053,0.7566418703506907,933.0,"{""0"": {""precision"": 0.8232, ""recall"": 0.8127962085308057, ""f1-score"": 0.8179650238473768, ""support"": 1266.0}, ""1"": {""precision"": 0.7502634351949421, ""recall"": 0.7631296891747053, ""f1-score"": 0.7566418703506907, ""support"": 933.0}, ""accuracy"": 0.7917235106866758, ""macro avg"": {""precision"": 0.7867317175974711, ""recall"": 0.7879629488527555, ""f1-score"": 0.7873034470990338, ""support"": 2199.0}, ""weighted avg"": {""precision"": 0.79225419965297, ""recall"": 0.7917235106866758, ""f1-score"": 0.7919466053787965, ""support"": 2199.0}}"
GAHD,GBERT,DYNAMIC_MIXED,5,0.789449749886312,0.7844739246538347,0.7861795498980119,0.7852365571007208,0.7897643714254956,0.822866344605475,0.807905138339921,0.8153171120861588,1265.0,0.7460815047021944,0.7644539614561028,0.7551560021152829,934.0,"{""0"": {""precision"": 0.822866344605475, ""recall"": 0.807905138339921, ""f1-score"": 0.8153171120861588, ""support"": 1265.0}, ""1"": {""precision"": 0.7460815047021944, ""recall"": 0.7644539614561028, ""f1-score"": 0.7551560021152829, ""support"": 934.0}, ""accuracy"": 0.789449749886312, ""macro avg"": {""precision"": 0.7844739246538347, ""recall"": 0.7861795498980119, ""f1-score"": 0.7852365571007208, ""support"": 2199.0}, ""weighted avg"": {""precision"": 0.7902528655378696, ""recall"": 0.789449749886312, ""f1-score"": 0.7897643714254956, ""support"": 2199.0}}"
GAHD,GELECTRA_BASE,DYNAMIC_MIXED,1,0.7498863119599818,0.7554975986927324,0.7605085770307269,0.7493783414148949,0.7510869696120054,0.8468992248062015,0.6903633491311216,0.7606614447345518,1266.0,0.6640959725792631,0.8306538049303323,0.7380952380952381,933.0,"{""0"": {""precision"": 0.8468992248062015, ""recall"": 0.6903633491311216, ""f1-score"": 0.7606614447345518, ""support"": 1266.0}, ""1"": {""precision"": 0.6640959725792631, ""recall"": 0.8306538049303323, ""f1-score"": 0.7380952380952381, ""support"": 933.0}, ""accuracy"": 0.7498863119599818, ""macro avg"": {""precision"": 0.7554975986927324, ""recall"": 0.7605085770307269, ""f1-score"": 0.7493783414148949, ""support"": 2199.0}, ""weighted avg"": {""precision"": 0.7693387726335168, ""recall"": 0.7498863119599818, ""f1-score"": 0.7510869696120054, ""support"": 2199.0}}"
GAHD,GELECTRA_BASE,DYNAMIC_MIXED,2,0.7403365165984539,0.7405099206382032,0.7461534163352179,0.7388841694385495,0.7418331426351846,0.8167730173199635,0.707740916271722,0.7583580194667795,1266.0,0.6642468239564429,0.7845659163987139,0.7194103194103194,933.0,"{""0"": {""precision"": 0.8167730173199635, ""recall"": 0.707740916271722, ""f1-score"": 0.7583580194667795, ""support"": 1266.0}, ""1"": {""precision"": 0.6642468239564429, ""recall"": 0.7845659163987139, ""f1-score"": 0.7194103194103194, ""support"": 933.0}, ""accuracy"": 0.7403365165984539, ""macro avg"": {""precision"": 0.7405099206382032, ""recall"": 0.7461534163352179, ""f1-score"": 0.7388841694385495, ""support"": 2199.0}, ""weighted avg"": {""precision"": 0.7520586296855094, ""recall"": 0.7403365165984539, ""f1-score"": 0.7418331426351846, ""support"": 2199.0}}"
GAHD,GELECTRA_BASE,DYNAMIC_MIXED,3,0.7403365165984539,0.739191986721761,0.7447438066066249,0.7385056890776165,0.7418190888843492,0.8111011638316921,0.7156398104265402,0.7603860679815359,1266.0,0.66728280961183,0.7738478027867095,0.7166253101736972,933.0,"{""0"": {""precision"": 0.8111011638316921, ""recall"": 0.7156398104265402, ""f1-score"": 0.7603860679815359, ""support"": 1266.0}, ""1"": {""precision"": 0.66728280961183, ""recall"": 0.7738478027867095, ""f1-score"": 0.7166253101736972, ""support"": 933.0}, ""accuracy"": 0.7403365165984539, ""macro avg"": {""precision"": 0.739191986721761, ""recall"": 0.7447438066066249, ""f1-score"": 0.7385056890776165, ""support"": 2199.0}, ""weighted avg"": {""precision"": 0.750081370977153, ""recall"": 0.7403365165984539, ""f1-score"": 0.7418190888843492, ""support"": 2199.0}}"
GAHD,GELECTRA_BASE,DYNAMIC_MIXED,4,0.758981355161437,0.7539828656584759,0.7574125153025201,0.7551521268174461,0.7597889742303514,0.804635761589404,0.7677725118483413,0.7857720291026677,1266.0,0.7033299697275479,0.7470525187566989,0.7245322245322245,933.0,"{""0"": {""precision"": 0.804635761589404, ""recall"": 0.7677725118483413, ""f1-score"": 0.7857720291026677, ""support"": 1266.0}, ""1"": {""precision"": 0.7033299697275479, ""recall"": 0.7470525187566989, ""f1-score"": 0.7245322245322245, ""support"": 933.0}, ""accuracy"": 0.758981355161437, ""macro avg"": {""precision"": 0.7539828656584759, ""recall"": 0.7574125153025201, ""f1-score"": 0.7551521268174461, ""support"": 2199.0}, ""weighted avg"": {""precision"": 0.7616533587667065, ""recall"": 0.758981355161437, ""f1-score"": 0.7597889742303514, ""support"": 2199.0}}"
GAHD,GELECTRA_BASE,DYNAMIC_MIXED,5,0.749431559799909,0.7468912942985384,0.7522373911350729,0.7471694916279886,0.7507692251131121,0.8126094570928196,0.733596837944664,0.7710843373493976,1265.0,0.6811731315042573,0.7708779443254818,0.7232546459065796,934.0,"{""0"": {""precision"": 0.8126094570928196, ""recall"": 0.733596837944664, ""f1-score"": 0.7710843373493976, ""support"": 1265.0}, ""1"": {""precision"": 0.6811731315042573, ""recall"": 0.7708779443254818, ""f1-score"": 0.7232546459065796, ""support"": 934.0}, ""accuracy"": 0.749431559799909, ""macro avg"": {""precision"": 0.7468912942985384, ""recall"": 0.7522373911350729, ""f1-score"": 0.7471694916279886, ""support"": 2199.0}, ""weighted avg"": {""precision"": 0.7567833870156404, ""recall"": 0.749431559799909, ""f1-score"": 0.7507692251131121, ""support"": 2199.0}}"
GAHD,BERT_GERMAN,DYNAMIC_MIXED,1,0.7889949977262392,0.7863048979977427,0.7925003682764156,0.7869965379547379,0.790120890555254,0.849912739965096,0.7693522906793049,0.8076285240464345,1266.0,0.7226970560303894,0.8156484458735263,0.7663645518630413,933.0,"{""0"": {""precision"": 0.849912739965096, ""recall"": 0.7693522906793049, ""f1-score"": 0.8076285240464345, ""support"": 1266.0}, ""1"": {""precision"": 0.7226970560303894, ""recall"": 0.8156484458735263, ""f1-score"": 0.7663645518630413, ""support"": 933.0}, ""accuracy"": 0.7889949977262392, ""macro avg"": {""precision"": 0.7863048979977427, ""recall"": 0.7925003682764156, ""f1-score"": 0.7869965379547379, ""support"": 2199.0}, ""weighted avg"": {""precision"": 0.7959371905739723, ""recall"": 0.7889949977262392, ""f1-score"": 0.790120890555254, ""support"": 2199.0}}"
GAHD,BERT_GERMAN,DYNAMIC_MIXED,2,0.779899954524784,0.7753265098841059,0.7795268790986625,0.7766564485152903,0.7807322504064653,0.8263772954924875,0.7819905213270142,0.8035714285714286,1266.0,0.7242757242757243,0.7770632368703109,0.749741468459152,933.0,"{""0"": {""precision"": 0.8263772954924875, ""recall"": 0.7819905213270142, ""f1-score"": 0.8035714285714286, ""support"": 1266.0}, ""1"": {""precision"": 0.7242757242757243, ""recall"": 0.7770632368703109, ""f1-score"": 0.749741468459152, ""support"": 933.0}, ""accuracy"": 0.779899954524784, ""macro avg"": {""precision"": 0.7753265098841059, ""recall"": 0.7795268790986625, ""f1-score"": 0.7766564485152903, ""support"": 2199.0}, ""weighted avg"": {""precision"": 0.7830572564087038, ""recall"": 0.779899954524784, ""f1-score"": 0.7807322504064653, ""support"": 2199.0}}"
GAHD,BERT_GERMAN,DYNAMIC_MIXED,3,0.7771714415643475,0.7721420318491603,0.7751837572321869,0.7733100340989036,0.7777903431093315,0.8180327868852459,0.7883096366508688,0.8028962188254224,1266.0,0.7262512768130746,0.7620578778135049,0.7437238493723849,933.0,"{""0"": {""precision"": 0.8180327868852459, ""recall"": 0.7883096366508688, ""f1-score"": 0.8028962188254224, ""support"": 1266.0}, ""1"": {""precision"": 0.7262512768130746, ""recall"": 0.7620578778135049, ""f1-score"": 0.7437238493723849, ""support"": 933.0}, ""accuracy"": 0.7771714415643475, ""macro avg"": {""precision"": 0.7721420318491603, ""recall"": 0.7751837572321869, ""f1-score"": 0.7733100340989036, ""support"": 2199.0}, ""weighted avg"": {""precision"": 0.7790913822025103, ""recall"": 0.7771714415643475, ""f1-score"": 0.7777903431093315, ""support"": 2199.0}}"
GAHD,BERT_GERMAN,DYNAMIC_MIXED,4,0.7794452023647113,0.7745548143924255,0.7780042466080472,0.7758103977527961,0.7801332189519665,0.8219291014014839,0.7875197472353871,0.8043565954013715,1266.0,0.7271805273833671,0.7684887459807074,0.7472642001042209,933.0,"{""0"": {""precision"": 0.8219291014014839, ""recall"": 0.7875197472353871, ""f1-score"": 0.8043565954013715, ""support"": 1266.0}, ""1"": {""precision"": 0.7271805273833671, ""recall"": 0.7684887459807074, ""f1-score"": 0.7472642001042209, ""support"": 933.0}, ""accuracy"": 0.7794452023647113, ""macro avg"": {""precision"": 0.7745548143924255, ""recall"": 0.7780042466080472, ""f1-score"": 0.7758103977527961, ""support"": 2199.0}, ""weighted avg"": {""precision"": 0.7817288196557345, ""recall"": 0.7794452023647113, ""f1-score"": 0.7801332189519665, ""support"": 2199.0}}"
GAHD,BERT_GERMAN,DYNAMIC_MIXED,5,0.7871759890859482,0.7821693401937047,0.7840631903242461,0.7830014743042599,0.7875318493624199,0.8216303470540759,0.8047430830039526,0.8130990415335463,1265.0,0.7427083333333333,0.7633832976445396,0.7529039070749736,934.0,"{""0"": {""precision"": 0.8216303470540759, ""recall"": 0.8047430830039526, ""f1-score"": 0.8130990415335463, ""support"": 1265.0}, ""1"": {""precision"": 0.7427083333333333, ""recall"": 0.7633832976445396, ""f1-score"": 0.7529039070749736, ""support"": 934.0}, ""accuracy"": 0.7871759890859482, ""macro avg"": {""precision"": 0.7821693401937047, ""recall"": 0.7840631903242461, ""f1-score"": 0.7830014743042599, ""support"": 2199.0}, ""weighted avg"": {""precision"": 0.7881091279475849, ""recall"": 0.7871759890859482, ""f1-score"": 0.7875318493624199, ""support"": 2199.0}}"
GAHD,XLM_ROBERTA,DYNAMIC_MIXED,1,0.7744429286039108,0.7728912521724738,0.7791573327644098,0.7727283335278134,0.77571765373902,0.8425266903914591,0.7480252764612955,0.792468619246862,1266.0,0.7032558139534884,0.8102893890675241,0.7529880478087649,933.0,"{""0"": {""precision"": 0.8425266903914591, ""recall"": 0.7480252764612955, ""f1-score"": 0.792468619246862, ""support"": 1266.0}, ""1"": {""precision"": 0.7032558139534884, ""recall"": 0.8102893890675241, ""f1-score"": 0.7529880478087649, ""support"": 933.0}, ""accuracy"": 0.7744429286039108, ""macro avg"": {""precision"": 0.7728912521724738, ""recall"": 0.7791573327644098, ""f1-score"": 0.7727283335278134, ""support"": 2199.0}, ""weighted avg"": {""precision"": 0.7834363185330567, ""recall"": 0.7744429286039108, ""f1-score"": 0.77571765373902, ""support"": 2199.0}}"
GAHD,XLM_ROBERTA,DYNAMIC_MIXED,2,0.757162346521146,0.7526417702859142,0.7568194632815715,0.7537995182776076,0.7581568015659278,0.807563025210084,0.759083728278041,0.7825732899022801,1266.0,0.6977205153617443,0.7545551982851019,0.7250257466529351,933.0,"{""0"": {""precision"": 0.807563025210084, ""recall"": 0.759083728278041, ""f1-score"": 0.7825732899022801, ""support"": 1266.0}, ""1"": {""precision"": 0.6977205153617443, ""recall"": 0.7545551982851019, ""f1-score"": 0.7250257466529351, ""support"": 933.0}, ""accuracy"": 0.757162346521146, ""macro avg"": {""precision"": 0.7526417702859142, ""recall"": 0.7568194632815715, ""f1-score"": 0.7537995182776076, ""support"": 2199.0}, ""weighted avg"": {""precision"": 0.7609586315363682, ""recall"": 0.757162346521146, ""f1-score"": 0.7581568015659278, ""support"": 2199.0}}"
GAHD,XLM_ROBERTA,DYNAMIC_MIXED,3,0.7680763983628922,0.7638807780423161,0.7685535118331022,0.7650641025641025,0.7690925945359779,0.8197969543147208,0.7654028436018957,0.7916666666666666,1266.0,0.7079646017699115,0.7717041800643086,0.7384615384615385,933.0,"{""0"": {""precision"": 0.8197969543147208, ""recall"": 0.7654028436018957, ""f1-score"": 0.7916666666666666, ""support"": 1266.0}, ""1"": {""precision"": 0.7079646017699115, ""recall"": 0.7717041800643086, ""f1-score"": 0.7384615384615385, ""support"": 933.0}, ""accuracy"": 0.7680763983628922, ""macro avg"": {""precision"": 0.7638807780423161, ""recall"": 0.7685535118331022, ""f1-score"": 0.7650641025641025, ""support"": 2199.0}, ""weighted avg"": {""precision"": 0.7723483026892969, ""recall"": 0.7680763983628922, ""f1-score"": 0.7690925945359779, ""support"": 2199.0}}"
GAHD,XLM_ROBERTA,DYNAMIC_MIXED,4,0.7653478854024557,0.7635623398295488,0.76956690693528,0.7634880614710429,0.7666640684923786,0.8324468085106383,0.7417061611374408,0.7844611528822055,1266.0,0.6946778711484594,0.797427652733119,0.7425149700598802,933.0,"{""0"": {""precision"": 0.8324468085106383, ""recall"": 0.7417061611374408, ""f1-score"": 0.7844611528822055, ""support"": 1266.0}, ""1"": {""precision"": 0.6946778711484594, ""recall"": 0.797427652733119, ""f1-score"": 0.7425149700598802, ""support"": 933.0}, ""accuracy"": 0.7653478854024557, ""macro avg"": {""precision"": 0.7635623398295488, ""recall"": 0.76956690693528, ""f1-score"": 0.7634880614710429, ""support"": 2199.0}, ""weighted avg"": {""precision"": 0.7739936850186361, ""recall"": 0.7653478854024557, ""f1-score"": 0.7666640684923786, ""support"": 2199.0}}"
GAHD,XLM_ROBERTA,DYNAMIC_MIXED,5,0.7544338335607094,0.751096352956793,0.7561649922556728,0.7518357458846189,0.7556578215325566,0.8127696289905091,0.7446640316205534,0.7772277227722773,1265.0,0.6894230769230769,0.7676659528907923,0.7264437689969605,934.0,"{""0"": {""precision"": 0.8127696289905091, ""recall"": 0.7446640316205534, ""f1-score"": 0.7772277227722773, ""support"": 1265.0}, ""1"": {""precision"": 0.6894230769230769, ""recall"": 0.7676659528907923, ""f1-score"": 0.7264437689969605, ""support"": 934.0}, ""accuracy"": 0.7544338335607094, ""macro avg"": {""precision"": 0.751096352956793, ""recall"": 0.7561649922556728, ""f1-score"": 0.7518357458846189, ""support"": 2199.0}, ""weighted avg"": {""precision"": 0.7603795973256697, ""recall"": 0.7544338335607094, ""f1-score"": 0.7556578215325566, ""support"": 2199.0}}"
GAHD,XLM_ROBERTA_LARGE,DYNAMIC_MIXED,1,0.8149158708503865,0.8103526644455978,0.8138845288347735,0.8117312342428854,0.8154392202229479,0.85233798195242,0.8206951026856241,0.8362173038229376,1266.0,0.7683673469387755,0.8070739549839229,0.7872451646628332,933.0,"{""0"": {""precision"": 0.85233798195242, ""recall"": 0.8206951026856241, ""f1-score"": 0.8362173038229376, ""support"": 1266.0}, ""1"": {""precision"": 0.7683673469387755, ""recall"": 0.8070739549839229, ""f1-score"": 0.7872451646628332, ""support"": 933.0}, ""accuracy"": 0.8149158708503865, ""macro avg"": {""precision"": 0.8103526644455978, ""recall"": 0.8138845288347735, ""f1-score"": 0.8117312342428854, ""support"": 2199.0}, ""weighted avg"": {""precision"": 0.816710604750178, ""recall"": 0.8149158708503865, ""f1-score"": 0.8154392202229479, ""support"": 2199.0}}"
GAHD,XLM_ROBERTA_LARGE,DYNAMIC_MIXED,2,0.7867212369258754,0.7822262742685056,0.7865787374976507,0.7836022749089627,0.7875364201802957,0.8329156223893066,0.7875197472353871,0.8095818107998376,1266.0,0.7315369261477046,0.7856377277599143,0.7576227390180879,933.0,"{""0"": {""precision"": 0.8329156223893066, ""recall"": 0.7875197472353871, ""f1-score"": 0.8095818107998376, ""support"": 1266.0}, ""1"": {""precision"": 0.7315369261477046, ""recall"": 0.7856377277599143, ""f1-score"": 0.7576227390180879, ""support"": 933.0}, ""accuracy"": 0.7867212369258754, ""macro avg"": {""precision"": 0.7822262742685056, ""recall"": 0.7865787374976507, ""f1-score"": 0.7836022749089627, ""support"": 2199.0}, ""weighted avg"": {""precision"": 0.7899022874218602, ""recall"": 0.7867212369258754, ""f1-score"": 0.7875364201802957, ""support"": 2199.0}}"
GAHD,XLM_ROBERTA_LARGE,DYNAMIC_MIXED,3,0.7839927239654388,0.7789151170959197,0.7789935132554111,0.7789541448227306,0.7840079004086397,0.8126482213438735,0.8120063191153238,0.8123271434215725,1266.0,0.7451820128479657,0.7459807073954984,0.7455811462238886,933.0,"{""0"": {""precision"": 0.8126482213438735, ""recall"": 0.8120063191153238, ""f1-score"": 0.8123271434215725, ""support"": 1266.0}, ""1"": {""precision"": 0.7451820128479657, ""recall"": 0.7459807073954984, ""f1-score"": 0.7455811462238886, ""support"": 933.0}, ""accuracy"": 0.7839927239654388, ""macro avg"": {""precision"": 0.7789151170959197, ""recall"": 0.7789935132554111, ""f1-score"": 0.7789541448227306, ""support"": 2199.0}, ""weighted avg"": {""precision"": 0.7840234043694841, ""recall"": 0.7839927239654388, ""f1-score"": 0.7840079004086397, ""support"": 2199.0}}"
GAHD,XLM_ROBERTA_LARGE,DYNAMIC_MIXED,4,0.5757162346521146,0.2878581173260573,0.5,0.36536796536796534,0.4206965385682984,0.5757162346521146,1.0,0.7307359307359307,1266.0,0.0,0.0,0.0,933.0,"{""0"": {""precision"": 0.5757162346521146, ""recall"": 1.0, ""f1-score"": 0.7307359307359307, ""support"": 1266.0}, ""1"": {""precision"": 0.0, ""recall"": 0.0, ""f1-score"": 0.0, ""support"": 933.0}, ""accuracy"": 0.5757162346521146, ""macro avg"": {""precision"": 0.2878581173260573, ""recall"": 0.5, ""f1-score"": 0.36536796536796534, ""support"": 2199.0}, ""weighted avg"": {""precision"": 0.3314491828420087, ""recall"": 0.5757162346521146, ""f1-score"": 0.4206965385682984, ""support"": 2199.0}}"
GAHD,XLM_ROBERTA_LARGE,DYNAMIC_MIXED,5,0.7298772169167803,0.7268497025487296,0.7315993939958189,0.7272208986841842,0.731272702071232,0.7914856646394439,0.7201581027667984,0.7541390728476821,1265.0,0.6622137404580153,0.7430406852248393,0.7003027245206862,934.0,"{""0"": {""precision"": 0.7914856646394439, ""recall"": 0.7201581027667984, ""f1-score"": 0.7541390728476821, ""support"": 1265.0}, ""1"": {""precision"": 0.6622137404580153, ""recall"": 0.7430406852248393, ""f1-score"": 0.7003027245206862, ""support"": 934.0}, ""accuracy"": 0.7298772169167803, ""macro avg"": {""precision"": 0.7268497025487296, ""recall"": 0.7315993939958189, ""f1-score"": 0.7272208986841842, ""support"": 2199.0}, ""weighted avg"": {""precision"": 0.7365788992072226, ""recall"": 0.7298772169167803, ""f1-score"": 0.731272702071232, ""support"": 2199.0}}"
