Model,Dataset,Strategy,N,Accuracy,Precision_macro,Recall_macro,F1_macro,Weighted_F1,Class0_Precision,Class0_Recall,Class0_F1,Class0_Support,Class1_Precision,Class1_Recall,Class1_F1,Class1_Support
xlm-roberta-large-xnli,GERMEVAL,UNMASKED,8407,0.6973950279528964,0.6549315465534584,0.6207423911512575,0.6257187281336547,0.6789255709731081,0.7320853153291391,0.8567067696175256,0.7895085222571571,5569.0,0.5777777777777777,0.38477801268498946,0.4619289340101523,2838.0
xlm-roberta-large-xnli,GERMEVAL,PER_ORG_LOC_GENERIC_ENTITY,8407,0.692637088140835,0.6489540558808533,0.6048826111423463,0.6070793297318102,0.6666404406711542,0.7207513681408075,0.8750224456814509,0.7904298459042984,5569.0,0.5771567436208992,0.3347427766032417,0.423728813559322,2838.0
xlm-roberta-large-xnli,GERMEVAL,PER_ONLY,8407,0.6954918520280718,0.6531009665738995,0.6100613154643564,0.613238707469937,0.6711786965822059,0.7240506329113924,0.8730472257137727,0.7915988277434061,5569.0,0.5821513002364066,0.3470754052149401,0.434878587196468,2838.0
xlm-roberta-large-xnli,GERMEVAL,ORG_ONLY,8407,0.6950160580468657,0.651827330562268,0.6135036826102819,0.6174799770809696,0.6734247689218844,0.7268609391514419,0.8644280840366314,0.7896981627296588,5569.0,0.5767937219730942,0.36257928118393234,0.4452617914322804,2838.0
xlm-roberta-large-xnli,GERMEVAL,LOC_ONLY,8407,0.6951350065421672,0.6517597968069666,0.6167037819217451,0.6212081308908523,0.6755684694486715,0.7293956043956044,0.8581432932303825,0.788548799603993,5569.0,0.5741239892183289,0.3752642706131078,0.4538674621777115,2838.0
xlm-roberta-large-xnli,GERMEVAL,PER_ORG_LOC_TYPED,8407,0.6939455215891519,0.65180318330776,0.6028463022234607,0.6041548095892677,0.665398174841936,0.7189418298743058,0.883282456455378,0.7926839094351785,5569.0,0.5846645367412141,0.3224101479915433,0.4156257097433568,2838.0
xlm-roberta-large-xnli,GERMEVAL,X_LENGTH,8407,0.687284405852266,0.6429445630460318,0.6265888979958142,0.6310560397622114,0.6778444821119796,0.7401960784313726,0.8134314957802119,0.7750876892805202,5569.0,0.5456930476606908,0.4397463002114165,0.4870243902439024,2838.0
xlm-roberta-large-xnli,GERMEVAL,RANDOM_SUBSTITUTION,8407,0.683953847983823,0.636036372311793,0.6089553871596909,0.6127950967564209,0.6667170028613141,0.7260167649798199,0.8398276171664572,0.7787861127299975,5569.0,0.546055979643766,0.3780831571529246,0.44680408078284406,2838.0
xlm-roberta-large-xnli,HASOC,UNMASKED,4594,0.7379190248149761,0.5386318762626904,0.5643364778630473,0.5375371438413546,0.76999072798668,0.8990748528174937,0.7916563811404591,0.841953268574429,4051.0,0.17818889970788704,0.3370165745856354,0.23312101910828026,543.0
xlm-roberta-large-xnli,HASOC,PER_ORG_LOC_GENERIC_ENTITY,4594,0.7377013495864171,0.5297999173666921,0.5482653715768518,0.5277801923369086,0.7681991997255064,0.8946200776483638,0.7963465810910886,0.8426276609638239,4051.0,0.16497975708502025,0.3001841620626151,0.21293272370999347,543.0
xlm-roberta-large-xnli,HASOC,PER_ONLY,4594,0.7427078798432738,0.5391715876012804,0.5638623207874917,0.5389586616312557,0.7729967289160492,0.898804559355018,0.7980745494939521,0.8454497907949791,4051.0,0.17953861584754263,0.3296500920810313,0.23246753246753246,543.0
xlm-roberta-large-xnli,HASOC,ORG_ONLY,4594,0.7403134523291249,0.5354299354170434,0.5577203273365874,0.5344266060676646,0.7708426639024282,0.8971650917176209,0.7968402863490496,0.8440318995947182,4051.0,0.17369477911646586,0.31860036832412525,0.22482131254061077,543.0
xlm-roberta-large-xnli,HASOC,LOC_ONLY,4594,0.7368306486721811,0.5351296901851681,0.5581376583004992,0.5334903387414498,0.7686758999801592,0.8973713646532439,0.7921500863984201,0.8414842008653468,4051.0,0.17288801571709234,0.3241252302025783,0.22549647661755284,543.0
xlm-roberta-large-xnli,HASOC,PER_ORG_LOC_TYPED,4594,0.7457553330430997,0.5326334673824575,0.5512373772158206,0.5321898305321177,0.7735518739626992,0.8952563751028242,0.805973833621328,0.8482722785138997,4051.0,0.1700105596620908,0.2965009208103131,0.21610738255033557,543.0
xlm-roberta-large-xnli,HASOC,X_LENGTH,4594,0.696343056160209,0.5301125489187877,0.5575071157657,0.5186965529128275,0.7419799400112919,0.8983203359328135,0.7393236237965934,0.8111035883547731,4051.0,0.1619047619047619,0.3756906077348066,0.22628951747088186,543.0
xlm-roberta-large-xnli,HASOC,RANDOM_SUBSTITUTION,4594,0.718110579016108,0.5283918246604814,0.5499151472500935,0.5223556454231935,0.7558504795081796,0.8955223880597015,0.7701802024191557,0.8281353682813537,4051.0,0.16126126126126125,0.3296500920810313,0.21657592256503327,543.0
xlm-roberta-large-xnli,GAHD,UNMASKED,10995,0.5618008185538881,0.5211071903360625,0.5122065831989948,0.47563654826001,0.507786241214625,0.5828126712704155,0.8401011218201928,0.6881957028216412,6329.0,0.4594017094017094,0.18431204457779682,0.26307739369837874,4666.0
xlm-roberta-large-xnli,GAHD,PER_ORG_LOC_GENERIC_ENTITY,10995,0.5633469758981355,0.5227195107181786,0.5127049050706316,0.4738813359358836,0.5066959277438291,0.5830434782608696,0.8475272554905988,0.690836499452637,6329.0,0.4623955431754875,0.17788255465066438,0.2569261724191302,4666.0
xlm-roberta-large-xnli,GAHD,PER_ONLY,10995,0.56243747157799,0.5215219372283055,0.5121964582846418,0.4742063907214672,0.5067837191993529,0.5827699018538713,0.844367198609575,0.6895928769598039,6329.0,0.4602739726027397,0.18002571795970854,0.25881990448313047,4666.0
xlm-roberta-large-xnli,GAHD,ORG_ONLY,10995,0.5610732150977717,0.5191732508803442,0.5108988099805514,0.4728971602774041,0.5055048496628325,0.5820146240314308,0.8426291673250118,0.6884843790343403,6329.0,0.45633187772925765,0.17916845263609088,0.2573099415204678,4666.0
xlm-roberta-large-xnli,GAHD,LOC_ONLY,10995,0.5631650750341064,0.5231595203131374,0.5132508208122457,0.476110179926428,0.5084110033454527,0.5834062090074333,0.8432611787012166,0.6896685404148091,6329.0,0.4629128316188414,0.18324046292327476,0.262551819438047,4666.0
xlm-roberta-large-xnli,GAHD,PER_ORG_LOC_TYPED,10995,0.5631650750341064,0.5218655299151828,0.5120400808449014,0.47203369939400486,0.5052104677148213,0.5826294130387698,0.8500553009954179,0.6913834093683737,6329.0,0.4611016467915957,0.17402486069438491,0.25268398941963593,4666.0
xlm-roberta-large-xnli,GAHD,X_LENGTH,10995,0.5597089586175534,0.5203512111142573,0.5126702467099615,0.4814227032508687,0.511897900506205,0.5832400984560304,0.8236688260388687,0.682910853474815,6329.0,0.4574623237724842,0.20167166738105444,0.2799345530269225,4666.0
xlm-roberta-large-xnli,GAHD,RANDOM_SUBSTITUTION,10995,0.5570713960891315,0.5138847215819882,0.5082392929707968,0.47284098292870225,0.5047124680449238,0.580509877496965,0.8310949597092747,0.6835607537361923,6329.0,0.44725956566701136,0.1853836262323189,0.26212121212121214,4666.0
deberta-v3-nli,GERMEVAL,UNMASKED,8407,0.751397644819793,0.750850094052959,0.6640956791541215,0.6751492743719901,0.7262748083010229,0.7517001881059181,0.9328425210989406,0.8325320512820513,5569.0,0.75,0.3953488372093023,0.5177664974619289,2838.0
deberta-v3-nli,GERMEVAL,PER_ORG_LOC_GENERIC_ENTITY,8407,0.7347448554775782,0.7390519720763176,0.6344193563204952,0.6390345471225672,0.699414508341679,0.7329426538300544,0.943257317292153,0.8249057788944724,5569.0,0.7451612903225806,0.32558139534883723,0.45316331535066207,2838.0
deberta-v3-nli,GERMEVAL,PER_ONLY,8407,0.7475912929701439,0.7485483870967742,0.657075543147528,0.6669399778353965,0.7201811529944478,0.7470967741935484,0.9357155683246543,0.8308354591836735,5569.0,0.75,0.3784355179704017,0.5030444964871195,2838.0
deberta-v3-nli,GERMEVAL,ORG_ONLY,8407,0.744498632092304,0.743884769904672,0.6530996363008708,0.6622321104317851,0.7163824769429631,0.7448117933304709,0.9344586101634046,0.828926409684613,5569.0,0.7429577464788732,0.37174066243833687,0.49553781117895723,2838.0
deberta-v3-nli,GERMEVAL,LOC_ONLY,8407,0.7467586535030332,0.7491234008221755,0.6548919057740732,0.6643323246895053,0.7183664831123916,0.7455739577384352,0.9376907882923325,0.8306688936610196,5569.0,0.7526728439059159,0.37209302325581395,0.49799575571799104,2838.0
deberta-v3-nli,GERMEVAL,PER_ORG_LOC_TYPED,8407,0.7352206494587843,0.7395014976566263,0.6352104756383843,0.6400418008929526,0.7001698220433774,0.7334171205138947,0.9430777518405459,0.8251374705420267,5569.0,0.7455858747993579,0.3273431994362227,0.45494613124387856,2838.0
deberta-v3-nli,GERMEVAL,X_LENGTH,8407,0.7416438682050672,0.7324214126916353,0.6545735535648551,0.6640168037193221,0.7164789450483421,0.7469108882104957,0.9226072903573352,0.8255141388174807,5569.0,0.7179319371727748,0.3865398167723749,0.5025194686211636,2838.0
deberta-v3-nli,GERMEVAL,RANDOM_SUBSTITUTION,8407,0.7266563577970738,0.7094478324670709,0.6355715363323928,0.6417378581363005,0.6983986014965673,0.735968835665849,0.9159633686478722,0.81616,5569.0,0.6829268292682927,0.35517970401691334,0.4673157162726008,2838.0
deberta-v3-nli,HASOC,UNMASKED,4594,0.8371789290378755,0.6292932119868073,0.6493247012196702,0.6379159847474893,0.8430258464172882,0.9179954441913439,0.8953344853122686,0.9065233691577106,4051.0,0.3405909797822706,0.40331491712707185,0.36930860033726814,543.0
deberta-v3-nli,HASOC,PER_ORG_LOC_GENERIC_ENTITY,4594,0.8445798868088812,0.6210896022216776,0.6152467639802464,0.6180311787327282,0.8426588971982863,0.908845871110022,0.9155764008886694,0.91219872110182,4051.0,0.3333333333333333,0.3149171270718232,0.32386363636363635,543.0
deberta-v3-nli,HASOC,PER_ONLY,4594,0.8387026556377885,0.6243061623496406,0.6350383894479821,0.6292428346305072,0.8420389690335024,0.9141641641641641,0.9017526536657615,0.9079159935379645,4051.0,0.33444816053511706,0.3683241252302026,0.35056967572305,543.0
deberta-v3-nli,HASOC,ORG_ONLY,4594,0.8356552024379625,0.6183729585416681,0.6293235010521923,0.6233704536804632,0.8392866318890186,0.9128256513026052,0.899530980004937,0.9061295536491359,4051.0,0.3239202657807309,0.35911602209944754,0.3406113537117904,543.0
deberta-v3-nli,HASOC,LOC_ONLY,4594,0.8426208097518503,0.6311578550541534,0.6404495991031476,0.6355035359798833,0.8453121979469812,0.9153769345981029,0.9052085904714885,0.9102643663894749,4051.0,0.3469387755102041,0.3756906077348066,0.36074270557029176,543.0
deberta-v3-nli,HASOC,PER_ORG_LOC_TYPED,4594,0.8439268611232041,0.6187950106585239,0.6124843330410198,0.615475321191363,0.8417978295451892,0.9081782566111655,0.9155764008886694,0.9118623232944069,4051.0,0.32941176470588235,0.30939226519337015,0.3190883190883191,543.0
deberta-v3-nli,HASOC,X_LENGTH,4594,0.826512842838485,0.6040038576306246,0.6177605238549198,0.6099856975575066,0.831889648958521,0.9102370146243066,0.8911379906196001,0.9005862542098042,4051.0,0.29777070063694266,0.3443830570902394,0.3193851409052092,543.0
deberta-v3-nli,HASOC,RANDOM_SUBSTITUTION,4594,0.8297779712668698,0.6115290686072797,0.6267883745595408,0.6181609780839238,0.8352230868809339,0.9124400706535453,0.8926191063934831,0.9024207636635887,4051.0,0.31061806656101426,0.36095764272559855,0.3339011925042589,543.0
deberta-v3-nli,GAHD,UNMASKED,10995,0.68731241473397,0.6794060077312323,0.6768381138618746,0.6778228100244665,0.6861859327758731,0.720585991149092,0.746089429609733,0.7331159757801584,6329.0,0.6382260243133724,0.6075867981140163,0.6225296442687747,4666.0
deberta-v3-nli,GAHD,PER_ORG_LOC_GENERIC_ENTITY,10995,0.6711232378353797,0.6630224398204814,0.6522170819563393,0.6538073638817066,0.6655179366287414,0.6903859649122807,0.7772159898878179,0.7312323472573212,6329.0,0.6356589147286822,0.5272181740248607,0.5763823805060918,4666.0
deberta-v3-nli,GAHD,PER_ONLY,10995,0.6823101409731697,0.6740991715603983,0.6695365775906728,0.6709608540028882,0.6802036866334357,0.7113893858079905,0.7539895718122926,0.7320702615632431,6329.0,0.6368089573128062,0.5850835833690528,0.6098514464425332,4666.0
deberta-v3-nli,GAHD,ORG_ONLY,10995,0.6856753069577081,0.6776350627495188,0.6740927213243633,0.6753263353662463,0.6840937015183609,0.716699351335043,0.7506715120872176,0.7332921747183208,6329.0,0.6385707741639945,0.5975139305615088,0.6173604960141719,4666.0
deberta-v3-nli,GAHD,LOC_ONLY,10995,0.6772169167803547,0.6689216905158485,0.6615929050289129,0.6632915331528656,0.6736483815305553,0.7013909011880615,0.7648917680518249,0.7317663064016325,6329.0,0.6364524798436355,0.5582940420060009,0.5948167599040987,4666.0
deberta-v3-nli,GAHD,PER_ORG_LOC_TYPED,10995,0.6702137335152342,0.66204186509827,0.6512299705320971,0.6527904493826604,0.664554526326416,0.6895777808949362,0.7767419813556644,0.7305691781839798,6329.0,0.6345059493016038,0.5257179597085297,0.5750117205813409,4666.0
deberta-v3-nli,GAHD,X_LENGTH,10995,0.6721236925875398,0.6634855025356613,0.656267809605828,0.657872773492618,0.6684339492746388,0.6971056439942113,0.7610996997945964,0.7276984666515598,6329.0,0.6298653610771113,0.5514359194170596,0.5880470803336761,4666.0
deberta-v3-nli,GAHD,RANDOM_SUBSTITUTION,10995,0.6671214188267395,0.6581031072396042,0.6534995090263104,0.6548031596460393,0.6646660701022281,0.6979089426071482,0.7435613841049139,0.7200122399020807,6329.0,0.6182972718720602,0.5634376339477069,0.5895940793899977,4666.0
