Strategy,Model,Train,Test,Accuracy,Precision_macro,Recall_macro,F1_macro,Class0_Precision,Class0_Recall,Class0_F1,Class0_Support,Class1_Precision,Class1_Recall,Class1_F1,Class1_Support,Macro_F1,Weighted_F1,Full_Report_JSON
PER_ORG_LOC_TYPED,bert-base-german-cased,GERMEVAL (train_70),GERMEVAL (test_30),0.7903289734443123,0.7658112135784045,0.7634755270100555,0.764607873794108,0.8386714116251482,0.8461998803111909,0.8424188263330354,1671.0,0.6929510155316607,0.6807511737089202,0.6867969212551805,852.0,0.764607873794108,0.7898663637383733,"{""0"": {""precision"": 0.8386714116251482, ""recall"": 0.8461998803111909, ""f1-score"": 0.8424188263330354, ""support"": 1671.0}, ""1"": {""precision"": 0.6929510155316607, ""recall"": 0.6807511737089202, ""f1-score"": 0.6867969212551805, ""support"": 852.0}, ""accuracy"": 0.7903289734443123, ""macro avg"": {""precision"": 0.7658112135784045, ""recall"": 0.7634755270100555, ""f1-score"": 0.764607873794108, ""support"": 2523.0}, ""weighted avg"": {""precision"": 0.7894626215055877, ""recall"": 0.7903289734443123, ""f1-score"": 0.7898663637383733, ""support"": 2523.0}}"
PER_ORG_LOC_TYPED,bert-base-german-cased,GERMEVAL (full),HASOC (full),0.7958877704005141,0.6127316278624125,0.683806325426773,0.6288985688820736,0.9317006802721088,0.8298594280174503,0.8778361748493783,4126.0,0.2937625754527163,0.5377532228360957,0.37996096291476905,543.0,0.6288985688820736,0.8199337888822562,"{""0"": {""precision"": 0.9317006802721088, ""recall"": 0.8298594280174503, ""f1-score"": 0.8778361748493783, ""support"": 4126.0}, ""1"": {""precision"": 0.2937625754527163, ""recall"": 0.5377532228360957, ""f1-score"": 0.37996096291476905, ""support"": 543.0}, ""accuracy"": 0.7958877704005141, ""macro avg"": {""precision"": 0.6127316278624125, ""recall"": 0.683806325426773, ""f1-score"": 0.6288985688820736, ""support"": 4669.0}, ""weighted avg"": {""precision"": 0.8575091208553323, ""recall"": 0.7958877704005141, ""f1-score"": 0.8199337888822562, ""support"": 4669.0}}"
PER_ORG_LOC_TYPED,bert-base-german-cased,GERMEVAL (full),GAHD (full),0.6000363768643143,0.5828298718586764,0.5693102399868905,0.5635327111602986,0.6231200611776702,0.7723538704581359,0.6897573363431151,6330.0,0.5425396825396825,0.3662666095156451,0.4373080859774821,4666.0,0.5635327111602986,0.5826340003840351,"{""0"": {""precision"": 0.6231200611776702, ""recall"": 0.7723538704581359, ""f1-score"": 0.6897573363431151, ""support"": 6330.0}, ""1"": {""precision"": 0.5425396825396825, ""recall"": 0.3662666095156451, ""f1-score"": 0.4373080859774821, ""support"": 4666.0}, ""accuracy"": 0.6000363768643143, ""macro avg"": {""precision"": 0.5828298718586764, ""recall"": 0.5693102399868905, ""f1-score"": 0.5635327111602986, ""support"": 10996.0}, ""weighted avg"": {""precision"": 0.5889268957789024, ""recall"": 0.6000363768643143, ""f1-score"": 0.5826340003840351, ""support"": 10996.0}}"
PER_ORG_LOC_TYPED,bert-base-german-cased,GERMEVAL (full),HASOC+GAHD (HASOC+GAHD),0.6584104691988509,0.6022093719911835,0.5895943681871307,0.5922011397265673,0.7215519486155716,0.7950459066564652,0.7565181780952814,10456.0,0.4828667953667954,0.3841428297177961,0.4278841013578531,5209.0,0.5922011397265673,0.6472392182660274,"{""0"": {""precision"": 0.7215519486155716, ""recall"": 0.7950459066564652, ""f1-score"": 0.7565181780952814, ""support"": 10456.0}, ""1"": {""precision"": 0.4828667953667954, ""recall"": 0.3841428297177961, ""f1-score"": 0.4278841013578531, ""support"": 5209.0}, ""accuracy"": 0.6584104691988509, ""macro avg"": {""precision"": 0.6022093719911835, ""recall"": 0.5895943681871307, ""f1-score"": 0.5922011397265673, ""support"": 15665.0}, ""weighted avg"": {""precision"": 0.6421832308835017, ""recall"": 0.6584104691988509, ""f1-score"": 0.6472392182660274, ""support"": 15665.0}}"
PER_ORG_LOC_TYPED,bert-base-german-cased,HASOC (train_70),HASOC (test_30),0.8915060670949322,0.7489201545883957,0.5976689098783908,0.6282002933165725,0.9046199701937406,0.9806138933764136,0.9410852713178295,1238.0,0.5932203389830508,0.2147239263803681,0.3153153153153153,163.0,0.6282002933165725,0.8682797732247461,"{""0"": {""precision"": 0.9046199701937406, ""recall"": 0.9806138933764136, ""f1-score"": 0.9410852713178295, ""support"": 1238.0}, ""1"": {""precision"": 0.5932203389830508, ""recall"": 0.2147239263803681, ""f1-score"": 0.3153153153153153, ""support"": 163.0}, ""accuracy"": 0.8915060670949322, ""macro avg"": {""precision"": 0.7489201545883957, ""recall"": 0.5976689098783908, ""f1-score"": 0.6282002933165725, ""support"": 1401.0}, ""weighted avg"": {""precision"": 0.8683900345139816, ""recall"": 0.8915060670949322, ""f1-score"": 0.8682797732247461, ""support"": 1401.0}}"
PER_ORG_LOC_TYPED,bert-base-german-cased,HASOC (full),GERMEVAL (full),0.697751873438801,0.7549934606542594,0.5595829867618882,0.5213151916919581,0.6906320825988416,0.9849165020650027,0.8119310191695656,5569.0,0.8193548387096774,0.13424947145877378,0.23069936421435058,2838.0,0.5213151916919581,0.6157212610200592,"{""0"": {""precision"": 0.6906320825988416, ""recall"": 0.9849165020650027, ""f1-score"": 0.8119310191695656, ""support"": 5569.0}, ""1"": {""precision"": 0.8193548387096774, ""recall"": 0.13424947145877378, ""f1-score"": 0.23069936421435058, ""support"": 2838.0}, ""accuracy"": 0.697751873438801, ""macro avg"": {""precision"": 0.7549934606542594, ""recall"": 0.5595829867618882, ""f1-score"": 0.5213151916919581, ""support"": 8407.0}, ""weighted avg"": {""precision"": 0.7340857737898195, ""recall"": 0.697751873438801, ""f1-score"": 0.6157212610200592, ""support"": 8407.0}}"
PER_ORG_LOC_TYPED,bert-base-german-cased,HASOC (full),GAHD (full),0.5776646053110222,0.5512315668202765,0.5090335857052023,0.4122064365882312,0.5802857142857143,0.9625592417061611,0.7240641711229947,6330.0,0.5221774193548387,0.05550792970424347,0.10034870205346764,4666.0,0.4122064365882312,0.4593991676054963,"{""0"": {""precision"": 0.5802857142857143, ""recall"": 0.9625592417061611, ""f1-score"": 0.7240641711229947, ""support"": 6330.0}, ""1"": {""precision"": 0.5221774193548387, ""recall"": 0.05550792970424347, ""f1-score"": 0.10034870205346764, ""support"": 4666.0}, ""accuracy"": 0.5776646053110222, ""macro avg"": {""precision"": 0.5512315668202765, ""recall"": 0.5090335857052023, ""f1-score"": 0.4122064365882312, ""support"": 10996.0}, ""weighted avg"": {""precision"": 0.5556282657455665, ""recall"": 0.5776646053110222, ""f1-score"": 0.4593991676054963, ""support"": 10996.0}}"
PER_ORG_LOC_TYPED,bert-base-german-cased,HASOC (full),GERMEVAL+GAHD (GERMEVAL+GAHD),0.6296964386950472,0.6468895198163808,0.5291553947931694,0.457201294527514,0.627806094783646,0.9730229431044626,0.7631917207738703,11899.0,0.6659729448491155,0.08528784648187633,0.1512108682811577,7504.0,0.457201294527514,0.5265116034154559,"{""0"": {""precision"": 0.627806094783646, ""recall"": 0.9730229431044626, ""f1-score"": 0.7631917207738703, ""support"": 11899.0}, ""1"": {""precision"": 0.6659729448491155, ""recall"": 0.08528784648187633, ""f1-score"": 0.1512108682811577, ""support"": 7504.0}, ""accuracy"": 0.6296964386950472, ""macro avg"": {""precision"": 0.6468895198163808, ""recall"": 0.5291553947931694, ""f1-score"": 0.457201294527514, ""support"": 19403.0}, ""weighted avg"": {""precision"": 0.6425669071781873, ""recall"": 0.6296964386950472, ""f1-score"": 0.5265116034154559, ""support"": 19403.0}}"
PER_ORG_LOC_TYPED,bert-base-german-cased,GAHD (train_70),GAHD (test_30),0.7687177932706881,0.7640839330989099,0.768135484841646,0.765336591282314,0.8162583518930958,0.7719852553975777,0.7935047361299052,1899.0,0.7119095143047239,0.7642857142857142,0.7371684464347227,1400.0,0.765336591282314,0.7695972473232198,"{""0"": {""precision"": 0.8162583518930958, ""recall"": 0.7719852553975777, ""f1-score"": 0.7935047361299052, ""support"": 1899.0}, ""1"": {""precision"": 0.7119095143047239, ""recall"": 0.7642857142857142, ""f1-score"": 0.7371684464347227, ""support"": 1400.0}, ""accuracy"": 0.7687177932706881, ""macro avg"": {""precision"": 0.7640839330989099, ""recall"": 0.768135484841646, ""f1-score"": 0.765336591282314, ""support"": 3299.0}, ""weighted avg"": {""precision"": 0.7719757290911192, ""recall"": 0.7687177932706881, ""f1-score"": 0.7695972473232198, ""support"": 3299.0}}"
PER_ORG_LOC_TYPED,bert-base-german-cased,GAHD (full),GERMEVAL (full),0.583799214939931,0.541884731495668,0.5432076678876864,0.5422082403407855,0.6926656738644825,0.6681630454300592,0.6801937665661274,5569.0,0.3911037891268534,0.4182522903453136,0.4042227141154436,2838.0,0.5422082403407855,0.5870326095713563,"{""0"": {""precision"": 0.6926656738644825, ""recall"": 0.6681630454300592, ""f1-score"": 0.6801937665661274, ""support"": 5569.0}, ""1"": {""precision"": 0.3911037891268534, ""recall"": 0.4182522903453136, ""f1-score"": 0.4042227141154436, ""support"": 2838.0}, ""accuracy"": 0.583799214939931, ""macro avg"": {""precision"": 0.541884731495668, ""recall"": 0.5432076678876864, ""f1-score"": 0.5422082403407855, ""support"": 8407.0}, ""weighted avg"": {""precision"": 0.5908656704286087, ""recall"": 0.583799214939931, ""f1-score"": 0.5870326095713563, ""support"": 8407.0}}"
PER_ORG_LOC_TYPED,bert-base-german-cased,GAHD (full),HASOC (full),0.7275647890340544,0.5331979057270546,0.5579896251503068,0.5291242091242091,0.8992725237828764,0.7789626757149782,0.8348051948051948,4126.0,0.16712328767123288,0.3370165745856354,0.22344322344322345,543.0,0.5291242091242091,0.7637044129569296,"{""0"": {""precision"": 0.8992725237828764, ""recall"": 0.7789626757149782, ""f1-score"": 0.8348051948051948, ""support"": 4126.0}, ""1"": {""precision"": 0.16712328767123288, ""recall"": 0.3370165745856354, ""f1-score"": 0.22344322344322345, ""support"": 543.0}, ""accuracy"": 0.7275647890340544, ""macro avg"": {""precision"": 0.5331979057270546, ""recall"": 0.5579896251503068, ""f1-score"": 0.5291242091242091, ""support"": 4669.0}, ""weighted avg"": {""precision"": 0.8141243046334606, ""recall"": 0.7275647890340544, ""f1-score"": 0.7637044129569296, ""support"": 4669.0}}"
PER_ORG_LOC_TYPED,bert-base-german-cased,GAHD (full),HASOC+GERMEVAL (HASOC+GERMEVAL),0.63513306821658,0.5534629623314273,0.5602613671429959,0.5544285454808977,0.7752067963335569,0.7153171738009283,0.7440587951290167,9695.0,0.33171912832929784,0.40520556048506357,0.3647982958327786,3381.0,0.5544285454808977,0.6459951863709423,"{""0"": {""precision"": 0.7752067963335569, ""recall"": 0.7153171738009283, ""f1-score"": 0.7440587951290167, ""support"": 9695.0}, ""1"": {""precision"": 0.33171912832929784, ""recall"": 0.40520556048506357, ""f1-score"": 0.3647982958327786, ""support"": 3381.0}, ""accuracy"": 0.63513306821658, ""macro avg"": {""precision"": 0.5534629623314273, ""recall"": 0.5602613671429959, ""f1-score"": 0.5544285454808977, ""support"": 13076.0}, ""weighted avg"": {""precision"": 0.6605362697564386, ""recall"": 0.63513306821658, ""f1-score"": 0.6459951863709423, ""support"": 13076.0}}"
PER_ORG_LOC_TYPED,xlm-roberta-base,GERMEVAL (train_70),GERMEVAL (test_30),0.7800237812128419,0.7549539712060915,0.745340986674084,0.74955594836034,0.8221709006928406,0.8521843207660084,0.8369086100499559,1671.0,0.6877370417193426,0.6384976525821596,0.6622032866707243,852.0,0.74955594836034,0.7779118064355661,"{""0"": {""precision"": 0.8221709006928406, ""recall"": 0.8521843207660084, ""f1-score"": 0.8369086100499559, ""support"": 1671.0}, ""1"": {""precision"": 0.6877370417193426, ""recall"": 0.6384976525821596, ""f1-score"": 0.6622032866707243, ""support"": 852.0}, ""accuracy"": 0.7800237812128419, ""macro avg"": {""precision"": 0.7549539712060915, ""recall"": 0.745340986674084, ""f1-score"": 0.74955594836034, ""support"": 2523.0}, ""weighted avg"": {""precision"": 0.7767734976625511, ""recall"": 0.7800237812128419, ""f1-score"": 0.7779118064355661, ""support"": 2523.0}}"
PER_ORG_LOC_TYPED,xlm-roberta-base,GERMEVAL (full),HASOC (full),0.7954594131505676,0.6124180905489642,0.6835639599396184,0.6285077950631114,0.9316634903348762,0.829374697043141,0.8775484036414924,4126.0,0.2931726907630522,0.5377532228360957,0.3794671864847303,543.0,0.6285077950631114,0.819622059474407,"{""0"": {""precision"": 0.9316634903348762, ""recall"": 0.829374697043141, ""f1-score"": 0.8775484036414924, ""support"": 4126.0}, ""1"": {""precision"": 0.2931726907630522, ""recall"": 0.5377532228360957, ""f1-score"": 0.3794671864847303, ""support"": 543.0}, ""accuracy"": 0.7954594131505676, ""macro avg"": {""precision"": 0.6124180905489642, ""recall"": 0.6835639599396184, ""f1-score"": 0.6285077950631114, ""support"": 4669.0}, ""weighted avg"": {""precision"": 0.8574076530747562, ""recall"": 0.7954594131505676, ""f1-score"": 0.819622059474407, ""support"": 4669.0}}"
PER_ORG_LOC_TYPED,xlm-roberta-base,GERMEVAL (full),GAHD (full),0.6142233539468898,0.6000104148033312,0.5851818370803141,0.5812869835233018,0.6347096774193548,0.7770932069510269,0.6987215909090909,6330.0,0.5653111521873074,0.39327046720960135,0.4638523761375126,4666.0,0.5812869835233018,0.5990580990825918,"{""0"": {""precision"": 0.6347096774193548, ""recall"": 0.7770932069510269, ""f1-score"": 0.6987215909090909, ""support"": 6330.0}, ""1"": {""precision"": 0.5653111521873074, ""recall"": 0.39327046720960135, ""f1-score"": 0.4638523761375126, ""support"": 4666.0}, ""accuracy"": 0.6142233539468898, ""macro avg"": {""precision"": 0.6000104148033312, ""recall"": 0.5851818370803141, ""f1-score"": 0.5812869835233018, ""support"": 10996.0}, ""weighted avg"": {""precision"": 0.6052613763341663, ""recall"": 0.6142233539468898, ""f1-score"": 0.5990580990825918, ""support"": 10996.0}}"
PER_ORG_LOC_TYPED,xlm-roberta-base,GERMEVAL (full),HASOC+GAHD (HASOC+GAHD),0.6682413022661985,0.6158039482366466,0.6030277642441875,0.6062886956163112,0.7301934693162917,0.7977237949502678,0.7624662918780566,10456.0,0.5014144271570015,0.40833173353810714,0.45011109935456567,5209.0,0.6062886956163112,0.6586004637353905,"{""0"": {""precision"": 0.7301934693162917, ""recall"": 0.7977237949502678, ""f1-score"": 0.7624662918780566, ""support"": 10456.0}, ""1"": {""precision"": 0.5014144271570015, ""recall"": 0.40833173353810714, ""f1-score"": 0.45011109935456567, ""support"": 5209.0}, ""accuracy"": 0.6682413022661985, ""macro avg"": {""precision"": 0.6158039482366466, ""recall"": 0.6030277642441875, ""f1-score"": 0.6062886956163112, ""support"": 15665.0}, ""weighted avg"": {""precision"": 0.6541187785657175, ""recall"": 0.6682413022661985, ""f1-score"": 0.6586004637353905, ""support"": 15665.0}}"
PER_ORG_LOC_TYPED,xlm-roberta-base,HASOC (train_70),HASOC (test_30),0.8836545324768023,0.44182726623840113,0.5,0.469117089806745,0.8836545324768023,1.0,0.93823417961349,1238.0,0.0,0.0,0.0,163.0,0.469117089806745,0.8290748853401146,"{""0"": {""precision"": 0.8836545324768023, ""recall"": 1.0, ""f1-score"": 0.93823417961349, ""support"": 1238.0}, ""1"": {""precision"": 0.0, ""recall"": 0.0, ""f1-score"": 0.0, ""support"": 163.0}, ""accuracy"": 0.8836545324768023, ""macro avg"": {""precision"": 0.44182726623840113, ""recall"": 0.5, ""f1-score"": 0.469117089806745, ""support"": 1401.0}, ""weighted avg"": {""precision"": 0.7808453327667959, ""recall"": 0.8836545324768023, ""f1-score"": 0.8290748853401146, ""support"": 1401.0}}"
PER_ORG_LOC_TYPED,xlm-roberta-base,HASOC (full),GERMEVAL (full),0.6624241703342453,0.33121208516712264,0.5,0.398468803663423,0.6624241703342453,1.0,0.796937607326846,5569.0,0.0,0.0,0.0,2838.0,0.398468803663423,0.5279107333416445,"{""0"": {""precision"": 0.6624241703342453, ""recall"": 1.0, ""f1-score"": 0.796937607326846, ""support"": 5569.0}, ""1"": {""precision"": 0.0, ""recall"": 0.0, ""f1-score"": 0.0, ""support"": 2838.0}, ""accuracy"": 0.6624241703342453, ""macro avg"": {""precision"": 0.33121208516712264, ""recall"": 0.5, ""f1-score"": 0.398468803663423, ""support"": 8407.0}, ""weighted avg"": {""precision"": 0.4388057814430132, ""recall"": 0.6624241703342453, ""f1-score"": 0.5279107333416445, ""support"": 8407.0}}"
PER_ORG_LOC_TYPED,xlm-roberta-base,HASOC (full),GAHD (full),0.575663877773736,0.287831938886868,0.5,0.36534687752510675,0.575663877773736,1.0,0.7306937550502135,6330.0,0.0,0.0,0.0,4666.0,0.36534687752510675,0.4206340004972582,"{""0"": {""precision"": 0.575663877773736, ""recall"": 1.0, ""f1-score"": 0.7306937550502135, ""support"": 6330.0}, ""1"": {""precision"": 0.0, ""recall"": 0.0, ""f1-score"": 0.0, ""support"": 4666.0}, ""accuracy"": 0.575663877773736, ""macro avg"": {""precision"": 0.287831938886868, ""recall"": 0.5, ""f1-score"": 0.36534687752510675, ""support"": 10996.0}, ""weighted avg"": {""precision"": 0.33138890017349476, ""recall"": 0.575663877773736, ""f1-score"": 0.4206340004972582, ""support"": 10996.0}}"
PER_ORG_LOC_TYPED,xlm-roberta-base,HASOC (full),GERMEVAL+GAHD (GERMEVAL+GAHD),0.6132556821110138,0.3066278410555069,0.5,0.3801354546035397,0.6132556821110138,1.0,0.7602709092070794,11899.0,0.0,0.0,0.0,7504.0,0.3801354546035397,0.4662404550149481,"{""0"": {""precision"": 0.6132556821110138, ""recall"": 1.0, ""f1-score"": 0.7602709092070794, ""support"": 11899.0}, ""1"": {""precision"": 0.0, ""recall"": 0.0, ""f1-score"": 0.0, ""support"": 7504.0}, ""accuracy"": 0.6132556821110138, ""macro avg"": {""precision"": 0.3066278410555069, ""recall"": 0.5, ""f1-score"": 0.3801354546035397, ""support"": 19403.0}, ""weighted avg"": {""precision"": 0.3760825316414448, ""recall"": 0.6132556821110138, ""f1-score"": 0.4662404550149481, ""support"": 19403.0}}"
PER_ORG_LOC_TYPED,xlm-roberta-base,GAHD (train_70),GAHD (test_30),0.722036980903304,0.7187367109971221,0.7232708944557286,0.7191583243167721,0.7831603229527105,0.7151132174828857,0.7475915221579962,1899.0,0.6543130990415336,0.7314285714285714,0.6907251264755481,1400.0,0.7191583243167721,0.72345907173198,"{""0"": {""precision"": 0.7831603229527105, ""recall"": 0.7151132174828857, ""f1-score"": 0.7475915221579962, ""support"": 1899.0}, ""1"": {""precision"": 0.6543130990415336, ""recall"": 0.7314285714285714, ""f1-score"": 0.6907251264755481, ""support"": 1400.0}, ""accuracy"": 0.722036980903304, ""macro avg"": {""precision"": 0.7187367109971221, ""recall"": 0.7232708944557286, ""f1-score"": 0.7191583243167721, ""support"": 3299.0}, ""weighted avg"": {""precision"": 0.7284812949212928, ""recall"": 0.722036980903304, ""f1-score"": 0.72345907173198, ""support"": 3299.0}}"
PER_ORG_LOC_TYPED,xlm-roberta-base,GAHD (full),GERMEVAL (full),0.6040204591411918,0.5671973915249962,0.5703072138363849,0.5679216424796175,0.7126044039483675,0.674088705333094,0.6928116637445788,5569.0,0.4217903791016247,0.4665257223396758,0.44303162121465617,2838.0,0.5679216424796175,0.6084919586535927,"{""0"": {""precision"": 0.7126044039483675, ""recall"": 0.674088705333094, ""f1-score"": 0.6928116637445788, ""support"": 5569.0}, ""1"": {""precision"": 0.4217903791016247, ""recall"": 0.4665257223396758, ""f1-score"": 0.44303162121465617, ""support"": 2838.0}, ""accuracy"": 0.6040204591411918, ""macro avg"": {""precision"": 0.5671973915249962, ""recall"": 0.5703072138363849, ""f1-score"": 0.5679216424796175, ""support"": 8407.0}, ""weighted avg"": {""precision"": 0.6144326182322909, ""recall"": 0.6040204591411918, ""f1-score"": 0.6084919586535927, ""support"": 8407.0}}"
PER_ORG_LOC_TYPED,xlm-roberta-base,GAHD (full),HASOC (full),0.7001499250374813,0.5587056974033718,0.6208417357832333,0.5483188167370937,0.9193846153846154,0.724188075618032,0.8101952277657267,4126.0,0.19802677942212826,0.5174953959484346,0.28644240570846075,543.0,0.5483188167370937,0.7492833017907651,"{""0"": {""precision"": 0.9193846153846154, ""recall"": 0.724188075618032, ""f1-score"": 0.8101952277657267, ""support"": 4126.0}, ""1"": {""precision"": 0.19802677942212826, ""recall"": 0.5174953959484346, ""f1-score"": 0.28644240570846075, ""support"": 543.0}, ""accuracy"": 0.7001499250374813, ""macro avg"": {""precision"": 0.5587056974033718, ""recall"": 0.6208417357832333, ""f1-score"": 0.5483188167370937, ""support"": 4669.0}, ""weighted avg"": {""precision"": 0.8354914252094964, ""recall"": 0.7001499250374813, ""f1-score"": 0.7492833017907651, ""support"": 4669.0}}"
PER_ORG_LOC_TYPED,xlm-roberta-base,GAHD (full),HASOC+GERMEVAL (HASOC+GERMEVAL),0.6383450596512695,0.5718142392832832,0.5850608144686221,0.5723416693312147,0.791500352195351,0.6954100051572976,0.7403502992368088,9695.0,0.35212812637121543,0.47471162377994675,0.4043330394256204,3381.0,0.5723416693312147,0.653467892122888,"{""0"": {""precision"": 0.791500352195351, ""recall"": 0.6954100051572976, ""f1-score"": 0.7403502992368088, ""support"": 9695.0}, ""1"": {""precision"": 0.35212812637121543, ""recall"": 0.47471162377994675, ""f1-score"": 0.4043330394256204, ""support"": 3381.0}, ""accuracy"": 0.6383450596512695, ""macro avg"": {""precision"": 0.5718142392832832, ""recall"": 0.5850608144686221, ""f1-score"": 0.5723416693312147, ""support"": 13076.0}, ""weighted avg"": {""precision"": 0.6778939362033503, ""recall"": 0.6383450596512695, ""f1-score"": 0.653467892122888, ""support"": 13076.0}}"
PER_ORG_LOC_TYPED,xlm-roberta-large,GERMEVAL (train_70),GERMEVAL (test_30),0.8093539437177962,0.7896477635406485,0.7764000219148524,0.7821198538923295,0.8411697247706422,0.8779174147217235,0.8591508052708638,1671.0,0.7381258023106547,0.6748826291079812,0.7050889025137952,852.0,0.7821198538923295,0.8071251448867884,"{""0"": {""precision"": 0.8411697247706422, ""recall"": 0.8779174147217235, ""f1-score"": 0.8591508052708638, ""support"": 1671.0}, ""1"": {""precision"": 0.7381258023106547, ""recall"": 0.6748826291079812, ""f1-score"": 0.7050889025137952, ""support"": 852.0}, ""accuracy"": 0.8093539437177962, ""macro avg"": {""precision"": 0.7896477635406485, ""recall"": 0.7764000219148524, ""f1-score"": 0.7821198538923295, ""support"": 2523.0}, ""weighted avg"": {""precision"": 0.8063724905510983, ""recall"": 0.8093539437177962, ""f1-score"": 0.8071251448867884, ""support"": 2523.0}}"
PER_ORG_LOC_TYPED,xlm-roberta-large,GERMEVAL (full),HASOC (full),0.8355108160205611,0.6526937808923027,0.7198188016700455,0.6746539845131394,0.9388395190799791,0.870576829859428,0.903420523138833,4126.0,0.3665480427046263,0.569060773480663,0.4458874458874459,543.0,0.6746539845131394,0.8502098868253819,"{""0"": {""precision"": 0.9388395190799791, ""recall"": 0.870576829859428, ""f1-score"": 0.903420523138833, ""support"": 4126.0}, ""1"": {""precision"": 0.3665480427046263, ""recall"": 0.569060773480663, ""f1-score"": 0.4458874458874459, ""support"": 543.0}, ""accuracy"": 0.8355108160205611, ""macro avg"": {""precision"": 0.6526937808923027, ""recall"": 0.7198188016700455, ""f1-score"": 0.6746539845131394, ""support"": 4669.0}, ""weighted avg"": {""precision"": 0.8722825964687526, ""recall"": 0.8355108160205611, ""f1-score"": 0.8502098868253819, ""support"": 4669.0}}"
PER_ORG_LOC_TYPED,xlm-roberta-large,GERMEVAL (full),GAHD (full),0.6351400509276101,0.6242527633656666,0.6092084922084333,0.6079056461186225,0.6532258064516129,0.7805687203791469,0.7112422628472722,6330.0,0.5952797202797203,0.43784826403771965,0.5045690293899728,4666.0,0.6079056461186225,0.6235433443940384,"{""0"": {""precision"": 0.6532258064516129, ""recall"": 0.7805687203791469, ""f1-score"": 0.7112422628472722, ""support"": 6330.0}, ""1"": {""precision"": 0.5952797202797203, ""recall"": 0.43784826403771965, ""f1-score"": 0.5045690293899728, ""support"": 4666.0}, ""accuracy"": 0.6351400509276101, ""macro avg"": {""precision"": 0.6242527633656666, ""recall"": 0.6092084922084333, ""f1-score"": 0.6079056461186225, ""support"": 10996.0}, ""weighted avg"": {""precision"": 0.6286371889472431, ""recall"": 0.6351400509276101, ""f1-score"": 0.6235433443940384, ""support"": 10996.0}}"
PER_ORG_LOC_TYPED,xlm-roberta-large,GERMEVAL (full),HASOC+GAHD (HASOC+GAHD),0.6948611554420683,0.64967068681361,0.6338063310910741,0.6385944470076625,0.7491659350307287,0.8160864575363428,0.7811956422228326,10456.0,0.5501754385964912,0.45152620464580534,0.4959932517924926,5209.0,0.6385944470076625,0.6863587924461558,"{""0"": {""precision"": 0.7491659350307287, ""recall"": 0.8160864575363428, ""f1-score"": 0.7811956422228326, ""support"": 10456.0}, ""1"": {""precision"": 0.5501754385964912, ""recall"": 0.45152620464580534, ""f1-score"": 0.4959932517924926, ""support"": 5209.0}, ""accuracy"": 0.6948611554420683, ""macro avg"": {""precision"": 0.64967068681361, ""recall"": 0.6338063310910741, ""f1-score"": 0.6385944470076625, ""support"": 15665.0}, ""weighted avg"": {""precision"": 0.6829966726032826, ""recall"": 0.6948611554420683, ""f1-score"": 0.6863587924461558, ""support"": 15665.0}}"
PER_ORG_LOC_TYPED,xlm-roberta-large,HASOC (train_70),HASOC (test_30),0.8836545324768023,0.44182726623840113,0.5,0.469117089806745,0.8836545324768023,1.0,0.93823417961349,1238.0,0.0,0.0,0.0,163.0,0.469117089806745,0.8290748853401146,"{""0"": {""precision"": 0.8836545324768023, ""recall"": 1.0, ""f1-score"": 0.93823417961349, ""support"": 1238.0}, ""1"": {""precision"": 0.0, ""recall"": 0.0, ""f1-score"": 0.0, ""support"": 163.0}, ""accuracy"": 0.8836545324768023, ""macro avg"": {""precision"": 0.44182726623840113, ""recall"": 0.5, ""f1-score"": 0.469117089806745, ""support"": 1401.0}, ""weighted avg"": {""precision"": 0.7808453327667959, ""recall"": 0.8836545324768023, ""f1-score"": 0.8290748853401146, ""support"": 1401.0}}"
PER_ORG_LOC_TYPED,xlm-roberta-large,HASOC (full),GERMEVAL (full),0.6733674319019864,0.7868562791278209,0.5171589721162313,0.4358438424594894,0.670203786325817,0.9980247800323218,0.8019044870870005,5569.0,0.9035087719298246,0.03629316420014094,0.06978319783197832,2838.0,0.4358438424594894,0.5547580354507744,"{""0"": {""precision"": 0.670203786325817, ""recall"": 0.9980247800323218, ""f1-score"": 0.8019044870870005, ""support"": 5569.0}, ""1"": {""precision"": 0.9035087719298246, ""recall"": 0.03629316420014094, ""f1-score"": 0.06978319783197832, ""support"": 2838.0}, ""accuracy"": 0.6733674319019864, ""macro avg"": {""precision"": 0.7868562791278209, ""recall"": 0.5171589721162313, ""f1-score"": 0.4358438424594894, ""support"": 8407.0}, ""weighted avg"": {""precision"": 0.7489619104062468, ""recall"": 0.6733674319019864, ""f1-score"": 0.5547580354507744, ""support"": 8407.0}}"
PER_ORG_LOC_TYPED,xlm-roberta-large,HASOC (full),GAHD (full),0.5764823572208075,0.5777084405867947,0.5016404848627665,0.3721500933400098,0.5764695127525368,0.9962085308056872,0.7303260177196131,6330.0,0.5789473684210527,0.007072438919845692,0.013974168960406522,4666.0,0.3721500933400098,0.42635205206751614,"{""0"": {""precision"": 0.5764695127525368, ""recall"": 0.9962085308056872, ""f1-score"": 0.7303260177196131, ""support"": 6330.0}, ""1"": {""precision"": 0.5789473684210527, ""recall"": 0.007072438919845692, ""f1-score"": 0.013974168960406522, ""support"": 4666.0}, ""accuracy"": 0.5764823572208075, ""macro avg"": {""precision"": 0.5777084405867947, ""recall"": 0.5016404848627665, ""f1-score"": 0.3721500933400098, ""support"": 10996.0}, ""weighted avg"": {""precision"": 0.5775209564183512, ""recall"": 0.5764823572208075, ""f1-score"": 0.42635205206751614, ""support"": 10996.0}}"
PER_ORG_LOC_TYPED,xlm-roberta-large,HASOC (full),GERMEVAL+GAHD (GERMEVAL+GAHD),0.6184610627222594,0.706105078280838,0.5075911218641763,0.39881909555888495,0.6168885191347754,0.9970585763509539,0.7621984517040892,11899.0,0.7953216374269005,0.01812366737739872,0.03543973941368078,7504.0,0.39881909555888495,0.48112864924945725,"{""0"": {""precision"": 0.6168885191347754, ""recall"": 0.9970585763509539, ""f1-score"": 0.7621984517040892, ""support"": 11899.0}, ""1"": {""precision"": 0.7953216374269005, ""recall"": 0.01812366737739872, ""f1-score"": 0.03543973941368078, ""support"": 7504.0}, ""accuracy"": 0.6184610627222594, ""macro avg"": {""precision"": 0.706105078280838, ""recall"": 0.5075911218641763, ""f1-score"": 0.39881909555888495, ""support"": 19403.0}, ""weighted avg"": {""precision"": 0.6858965137574682, ""recall"": 0.6184610627222594, ""f1-score"": 0.48112864924945725, ""support"": 19403.0}}"
PER_ORG_LOC_TYPED,xlm-roberta-large,GAHD (train_70),GAHD (test_30),0.7086996059411943,0.7370988999945889,0.730736665914391,0.7083390026352478,0.8652647975077882,0.5850447604002106,0.6980835689601005,1899.0,0.6089330024813896,0.8764285714285714,0.7185944363103953,1400.0,0.7083390026352478,0.7067877866898405,"{""0"": {""precision"": 0.8652647975077882, ""recall"": 0.5850447604002106, ""f1-score"": 0.6980835689601005, ""support"": 1899.0}, ""1"": {""precision"": 0.6089330024813896, ""recall"": 0.8764285714285714, ""f1-score"": 0.7185944363103953, ""support"": 1400.0}, ""accuracy"": 0.7086996059411943, ""macro avg"": {""precision"": 0.7370988999945889, ""recall"": 0.730736665914391, ""f1-score"": 0.7083390026352478, ""support"": 3299.0}, ""weighted avg"": {""precision"": 0.7564850118039512, ""recall"": 0.7086996059411943, ""f1-score"": 0.7067877866898405, ""support"": 3299.0}}"
PER_ORG_LOC_TYPED,xlm-roberta-large,GAHD (full),GERMEVAL (full),0.6613536338765315,0.6070893806387037,0.5901687155983155,0.5925832494106604,0.7163064208518753,0.8093014903932484,0.7599696484276199,5569.0,0.4978723404255319,0.37103594080338265,0.4251968503937008,2838.0,0.5925832494106604,0.6469584433817935,"{""0"": {""precision"": 0.7163064208518753, ""recall"": 0.8093014903932484, ""f1-score"": 0.7599696484276199, ""support"": 5569.0}, ""1"": {""precision"": 0.4978723404255319, ""recall"": 0.37103594080338265, ""f1-score"": 0.4251968503937008, ""support"": 2838.0}, ""accuracy"": 0.6613536338765315, ""macro avg"": {""precision"": 0.6070893806387037, ""recall"": 0.5901687155983155, ""f1-score"": 0.5925832494106604, ""support"": 8407.0}, ""weighted avg"": {""precision"": 0.6425683549246763, ""recall"": 0.6613536338765315, ""f1-score"": 0.6469584433817935, ""support"": 8407.0}}"
PER_ORG_LOC_TYPED,xlm-roberta-large,GAHD (full),HASOC (full),0.7894624116513173,0.5819824737764602,0.6217980305460856,0.5920352225770945,0.9145344236349249,0.8402811439650993,0.8758368068712896,4126.0,0.24943052391799544,0.40331491712707185,0.30823363828289935,543.0,0.5920352225770945,0.8098251297362509,"{""0"": {""precision"": 0.9145344236349249, ""recall"": 0.8402811439650993, ""f1-score"": 0.8758368068712896, ""support"": 4126.0}, ""1"": {""precision"": 0.24943052391799544, ""recall"": 0.40331491712707185, ""f1-score"": 0.30823363828289935, ""support"": 543.0}, ""accuracy"": 0.7894624116513173, ""macro avg"": {""precision"": 0.5819824737764602, ""recall"": 0.6217980305460856, ""f1-score"": 0.5920352225770945, ""support"": 4669.0}, ""weighted avg"": {""precision"": 0.8371835096177279, ""recall"": 0.7894624116513173, ""f1-score"": 0.8098251297362509, ""support"": 4669.0}}"
PER_ORG_LOC_TYPED,xlm-roberta-large,GAHD (full),HASOC+GERMEVAL (HASOC+GERMEVAL),0.707096971550933,0.6079138539364836,0.5993529353351763,0.602735960628302,0.7908360606962214,0.8224858174316658,0.8063504904439276,9695.0,0.42499164717674576,0.3762200532386868,0.3991214308126765,3381.0,0.602735960628302,0.7010551821988023,"{""0"": {""precision"": 0.7908360606962214, ""recall"": 0.8224858174316658, ""f1-score"": 0.8063504904439276, ""support"": 9695.0}, ""1"": {""precision"": 0.42499164717674576, ""recall"": 0.3762200532386868, ""f1-score"": 0.3991214308126765, ""support"": 3381.0}, ""accuracy"": 0.707096971550933, ""macro avg"": {""precision"": 0.6079138539364836, ""recall"": 0.5993529353351763, ""f1-score"": 0.602735960628302, ""support"": 13076.0}, ""weighted avg"": {""precision"": 0.6962413863226096, ""recall"": 0.707096971550933, ""f1-score"": 0.7010551821988023, ""support"": 13076.0}}"
PER_ORG_LOC_TYPED,deepset/gelectra-base,GERMEVAL (train_70),GERMEVAL (test_30),0.7958779231074118,0.7718480650402848,0.77169148945137,0.7717696191321153,0.8456937799043063,0.8461998803111909,0.8459467544122046,1671.0,0.6980023501762632,0.6971830985915493,0.6975924838520259,852.0,0.7717696191321153,0.7958485227367103,"{""0"": {""precision"": 0.8456937799043063, ""recall"": 0.8461998803111909, ""f1-score"": 0.8459467544122046, ""support"": 1671.0}, ""1"": {""precision"": 0.6980023501762632, ""recall"": 0.6971830985915493, ""f1-score"": 0.6975924838520259, ""support"": 852.0}, ""accuracy"": 0.7958779231074118, ""macro avg"": {""precision"": 0.7718480650402848, ""recall"": 0.77169148945137, ""f1-score"": 0.7717696191321153, ""support"": 2523.0}, ""weighted avg"": {""precision"": 0.7958193850853238, ""recall"": 0.7958779231074118, ""f1-score"": 0.7958485227367103, ""support"": 2523.0}}"
PER_ORG_LOC_TYPED,deepset/gelectra-base,GERMEVAL (full),HASOC (full),0.7922467337759691,0.6130167451596022,0.6889428669114424,0.6290241143786546,0.9335164835164835,0.8235579253514299,0.8750965748132887,4126.0,0.2925170068027211,0.5543278084714549,0.38295165394402036,543.0,0.6290241143786546,0.8178606159287283,"{""0"": {""precision"": 0.9335164835164835, ""recall"": 0.8235579253514299, ""f1-score"": 0.8750965748132887, ""support"": 4126.0}, ""1"": {""precision"": 0.2925170068027211, ""recall"": 0.5543278084714549, ""f1-score"": 0.38295165394402036, ""support"": 543.0}, ""accuracy"": 0.7922467337759691, ""macro avg"": {""precision"": 0.6130167451596022, ""recall"": 0.6889428669114424, ""f1-score"": 0.6290241143786546, ""support"": 4669.0}, ""weighted avg"": {""precision"": 0.8589688896300897, ""recall"": 0.7922467337759691, ""f1-score"": 0.8178606159287283, ""support"": 4669.0}}"
PER_ORG_LOC_TYPED,deepset/gelectra-base,GERMEVAL (full),GAHD (full),0.5974899963623136,0.5795013757886254,0.5618872432012969,0.5514754127851695,0.6162677088422082,0.7971563981042654,0.6951370712219314,6330.0,0.5427350427350427,0.32661808829832834,0.40781375434840783,4666.0,0.5514754127851695,0.5732154091146322,"{""0"": {""precision"": 0.6162677088422082, ""recall"": 0.7971563981042654, ""f1-score"": 0.6951370712219314, ""support"": 6330.0}, ""1"": {""precision"": 0.5427350427350427, ""recall"": 0.32661808829832834, ""f1-score"": 0.40781375434840783, ""support"": 4666.0}, ""accuracy"": 0.5974899963623136, ""macro avg"": {""precision"": 0.5795013757886254, ""recall"": 0.5618872432012969, ""f1-score"": 0.5514754127851695, ""support"": 10996.0}, ""weighted avg"": {""precision"": 0.5850651424493349, ""recall"": 0.5974899963623136, ""f1-score"": 0.5732154091146322, ""support"": 10996.0}}"
PER_ORG_LOC_TYPED,deepset/gelectra-base,GERMEVAL (full),HASOC+GAHD (HASOC+GAHD),0.655537823172678,0.5947656131772855,0.5789648764284874,0.5806732124402321,0.7138992221846466,0.8075745983167559,0.7578531681924251,10456.0,0.4756320041699244,0.35035515454021887,0.4034932566880389,5209.0,0.5806732124402321,0.6400197319315667,"{""0"": {""precision"": 0.7138992221846466, ""recall"": 0.8075745983167559, ""f1-score"": 0.7578531681924251, ""support"": 10456.0}, ""1"": {""precision"": 0.4756320041699244, ""recall"": 0.35035515454021887, ""f1-score"": 0.4034932566880389, ""support"": 5209.0}, ""accuracy"": 0.655537823172678, ""macro avg"": {""precision"": 0.5947656131772855, ""recall"": 0.5789648764284874, ""f1-score"": 0.5806732124402321, ""support"": 15665.0}, ""weighted avg"": {""precision"": 0.6346694782562273, ""recall"": 0.655537823172678, ""f1-score"": 0.6400197319315667, ""support"": 15665.0}}"
PER_ORG_LOC_TYPED,deepset/gelectra-base,HASOC (train_70),HASOC (test_30),0.8836545324768023,0.44182726623840113,0.5,0.469117089806745,0.8836545324768023,1.0,0.93823417961349,1238.0,0.0,0.0,0.0,163.0,0.469117089806745,0.8290748853401146,"{""0"": {""precision"": 0.8836545324768023, ""recall"": 1.0, ""f1-score"": 0.93823417961349, ""support"": 1238.0}, ""1"": {""precision"": 0.0, ""recall"": 0.0, ""f1-score"": 0.0, ""support"": 163.0}, ""accuracy"": 0.8836545324768023, ""macro avg"": {""precision"": 0.44182726623840113, ""recall"": 0.5, ""f1-score"": 0.469117089806745, ""support"": 1401.0}, ""weighted avg"": {""precision"": 0.7808453327667959, ""recall"": 0.8836545324768023, ""f1-score"": 0.8290748853401146, ""support"": 1401.0}}"
PER_ORG_LOC_TYPED,deepset/gelectra-base,HASOC (full),GERMEVAL (full),0.6624241703342453,0.33121208516712264,0.5,0.398468803663423,0.6624241703342453,1.0,0.796937607326846,5569.0,0.0,0.0,0.0,2838.0,0.398468803663423,0.5279107333416445,"{""0"": {""precision"": 0.6624241703342453, ""recall"": 1.0, ""f1-score"": 0.796937607326846, ""support"": 5569.0}, ""1"": {""precision"": 0.0, ""recall"": 0.0, ""f1-score"": 0.0, ""support"": 2838.0}, ""accuracy"": 0.6624241703342453, ""macro avg"": {""precision"": 0.33121208516712264, ""recall"": 0.5, ""f1-score"": 0.398468803663423, ""support"": 8407.0}, ""weighted avg"": {""precision"": 0.4388057814430132, ""recall"": 0.6624241703342453, ""f1-score"": 0.5279107333416445, ""support"": 8407.0}}"
PER_ORG_LOC_TYPED,deepset/gelectra-base,HASOC (full),GAHD (full),0.575663877773736,0.287831938886868,0.5,0.36534687752510675,0.575663877773736,1.0,0.7306937550502135,6330.0,0.0,0.0,0.0,4666.0,0.36534687752510675,0.4206340004972582,"{""0"": {""precision"": 0.575663877773736, ""recall"": 1.0, ""f1-score"": 0.7306937550502135, ""support"": 6330.0}, ""1"": {""precision"": 0.0, ""recall"": 0.0, ""f1-score"": 0.0, ""support"": 4666.0}, ""accuracy"": 0.575663877773736, ""macro avg"": {""precision"": 0.287831938886868, ""recall"": 0.5, ""f1-score"": 0.36534687752510675, ""support"": 10996.0}, ""weighted avg"": {""precision"": 0.33138890017349476, ""recall"": 0.575663877773736, ""f1-score"": 0.4206340004972582, ""support"": 10996.0}}"
PER_ORG_LOC_TYPED,deepset/gelectra-base,HASOC (full),GERMEVAL+GAHD (GERMEVAL+GAHD),0.6132556821110138,0.3066278410555069,0.5,0.3801354546035397,0.6132556821110138,1.0,0.7602709092070794,11899.0,0.0,0.0,0.0,7504.0,0.3801354546035397,0.4662404550149481,"{""0"": {""precision"": 0.6132556821110138, ""recall"": 1.0, ""f1-score"": 0.7602709092070794, ""support"": 11899.0}, ""1"": {""precision"": 0.0, ""recall"": 0.0, ""f1-score"": 0.0, ""support"": 7504.0}, ""accuracy"": 0.6132556821110138, ""macro avg"": {""precision"": 0.3066278410555069, ""recall"": 0.5, ""f1-score"": 0.3801354546035397, ""support"": 19403.0}, ""weighted avg"": {""precision"": 0.3760825316414448, ""recall"": 0.6132556821110138, ""f1-score"": 0.4662404550149481, ""support"": 19403.0}}"
PER_ORG_LOC_TYPED,deepset/gelectra-base,GAHD (train_70),GAHD (test_30),0.7341618672324947,0.7311515514928556,0.7360550665763936,0.7315403690687452,0.7960602549246814,0.7235387045813586,0.7580689655172413,1899.0,0.6662428480610298,0.7485714285714286,0.7050117726202489,1400.0,0.7315403690687452,0.7355530303684723,"{""0"": {""precision"": 0.7960602549246814, ""recall"": 0.7235387045813586, ""f1-score"": 0.7580689655172413, ""support"": 1899.0}, ""1"": {""precision"": 0.6662428480610298, ""recall"": 0.7485714285714286, ""f1-score"": 0.7050117726202489, ""support"": 1400.0}, ""accuracy"": 0.7341618672324947, ""macro avg"": {""precision"": 0.7311515514928556, ""recall"": 0.7360550665763936, ""f1-score"": 0.7315403690687452, ""support"": 3299.0}, ""weighted avg"": {""precision"": 0.7409695093626588, ""recall"": 0.7341618672324947, ""f1-score"": 0.7355530303684723, ""support"": 3299.0}}"
PER_ORG_LOC_TYPED,deepset/gelectra-base,GAHD (full),GERMEVAL (full),0.5943856310217676,0.5879051587301587,0.598112272317904,0.5803593281034638,0.7467428571428572,0.586640330400431,0.6570796460176991,5569.0,0.4290674603174603,0.609584214235377,0.5036390101892285,2838.0,0.5803593281034638,0.6052817960734622,"{""0"": {""precision"": 0.7467428571428572, ""recall"": 0.586640330400431, ""f1-score"": 0.6570796460176991, ""support"": 5569.0}, ""1"": {""precision"": 0.4290674603174603, ""recall"": 0.609584214235377, ""f1-score"": 0.5036390101892285, ""support"": 2838.0}, ""accuracy"": 0.5943856310217676, ""macro avg"": {""precision"": 0.5879051587301587, ""recall"": 0.598112272317904, ""f1-score"": 0.5803593281034638, ""support"": 8407.0}, ""weighted avg"": {""precision"": 0.6395033214951259, ""recall"": 0.5943856310217676, ""f1-score"": 0.6052817960734622, ""support"": 8407.0}}"
PER_ORG_LOC_TYPED,deepset/gelectra-base,GAHD (full),HASOC (full),0.6982223174127222,0.5660507572034693,0.638942152758994,0.55480856443646,0.9254619480112747,0.7161900145419292,0.8074873616614292,4126.0,0.20663956639566394,0.5616942909760589,0.3021297672114908,543.0,0.55480856443646,0.7487147821398364,"{""0"": {""precision"": 0.9254619480112747, ""recall"": 0.7161900145419292, ""f1-score"": 0.8074873616614292, ""support"": 4126.0}, ""1"": {""precision"": 0.20663956639566394, ""recall"": 0.5616942909760589, ""f1-score"": 0.3021297672114908, ""support"": 543.0}, ""accuracy"": 0.6982223174127222, ""macro avg"": {""precision"": 0.5660507572034693, ""recall"": 0.638942152758994, ""f1-score"": 0.55480856443646, ""support"": 4669.0}, ""weighted avg"": {""precision"": 0.8418636286244088, ""recall"": 0.6982223174127222, ""f1-score"": 0.7487147821398364, ""support"": 4669.0}}"
PER_ORG_LOC_TYPED,deepset/gelectra-base,GAHD (full),HASOC+GERMEVAL (HASOC+GERMEVAL),0.6314622208626491,0.595804238616596,0.621833520725823,0.5893586665855723,0.8221458773784355,0.6417741103661682,0.7208480565371025,9695.0,0.3694625998547567,0.6018929310854777,0.4578692766340421,3381.0,0.5893586665855723,0.6528508666585274,"{""0"": {""precision"": 0.8221458773784355, ""recall"": 0.6417741103661682, ""f1-score"": 0.7208480565371025, ""support"": 9695.0}, ""1"": {""precision"": 0.3694625998547567, ""recall"": 0.6018929310854777, ""f1-score"": 0.4578692766340421, ""support"": 3381.0}, ""accuracy"": 0.6314622208626491, ""macro avg"": {""precision"": 0.595804238616596, ""recall"": 0.621833520725823, ""f1-score"": 0.5893586665855723, ""support"": 13076.0}, ""weighted avg"": {""precision"": 0.7050976851707604, ""recall"": 0.6314622208626491, ""f1-score"": 0.6528508666585274, ""support"": 13076.0}}"
